IT,FR,EN,RU,,,,,,,,,,,,,,,,,,,,,,
affumicare,enfumer,anti-frost candle,,,,,,,,,,,,,,,,,,,,,,,
alambicco,alambic,,,,,,,,,,,,,,,,,,,,,,,,
cereale,céréale,,,,,,,,,,,,,,,,,,,,,,,,
diluire,diluer,,,,,,,,,,,,,,,,,,,,,,,,
distillazione continua,distillation continue,,,,,,,,,,,,,,,,,,,,,,,,
distillazione discontinua,distillation discontinue,,,,,,,,,,,,,,,,,,,,,,,,
distilleria,distillerie,,,,,,,,,,,,,,,,,,,,,,,,
dolcificare,adoucir,,,,,,,,,,,,,,,,,,,,,,,,
frumento,blé,,,,,,,,,,,,,,,,,,,,,,,,
granturco,maïs,,,,,,,,,,,,,,,,,,,,,,,,
lievito,levure,,,,,,,,,,,,,,,,,,,,,,,,
maltaggio,maltage,,,,,,,,,,,,,,,,,,,,,,,,
maltosio,maltose,,,,,,,,,,,,,,,,,,,,,,,,
miscelare,mélanger,,,,,,,,,,,,,,,,,,,,,,,,
orzo,orge,,,,,,,,,,,,,,,,,,,,,,,,
orzo maltato,orge maltée,,,,,,,,,,,,,,,,,,,,,,,,
Scotch,Scotch,,,,,,,,,,,,,,,,,,,,,,,,
speziare,épicer,,,,,,,,,,,,,,,,,,,,,,,,
stagionare,assaisonner,,,,,,,,,,,,,,,,,,,,,,,,
torba,tourbe,,,,,,,,,,,,,,,,,,,,,,,,
whisky,whisky,,,,,,,,,,,,,,,,,,,,,,,,
aroma,arôme,,,,,,,,,,,,,,,,,,,,,,,,
infusione,malting,,,,,,,,,,,,,,,,,,,,,,,,
macerazione,macération,,,,,,,,,,,,,,,,,,,,,,,,
imbottigliare,embouteiller,,,,,,,,,,,,,,,,,,,,,,,,
legno di quercia,bois de chêne,,,,,,,,,,,,,,,,,,,,,,,,
distillato,distillat,,,,,,,,,,,,,,,,,,,,,,,,
riduzione di resa massima classificabile,(réduction du) rendement maximum de production,,,,,,,,,,,,,,,,,,,,,,,,
rivendicazione produttiva,DREV (Déclaration de revendication),,,,,,,,,,,,,,,,,,,,,,,,
SCIA (Segnalazione certificata di inizio attività),Immatriculation au Registre du Commerce et des Sociétés,,,,,,,,,,,,,,,,,,,,,,,,
settore vitivinicolo,secteur vitivinicole,,,,,,,,,,,,,,,,,,,,,,,,
SIAN (Sistema informativo agricolo nazionale),SRGIAN (Systèmes de recherche et de gestion de l’information agricole nationale),,,,,,,,,,,,,,,,,,,,,,,,
sistema di potatura,tecnique de taille,,,,,,,,,,,,,,,,,,,,,,,,
sottospecificazione,appellation,,,,,,,,,,,,,,,,,,,,,,,,
SQNPI (Sistema di qualità nazionale produzione integrata),condition de production,,,,,,,,,,,,,,,,,,,,,,,,
stabilimento enologico,chai,,,,,,,,,,,,,,,,,,,,,,,,
standard minimi di qualità,standard de qualité minimale (SQM),,,,,,,,,,,,,,,,,,,,,,,,
STG (Specialità Tradizionale Garantita),STG (Specialité Traditionelle Garantie),,,,,,,,,,,,,,,,,,,,,,,,
tecnica colturale,méthode culturale,,,,,,,,,,,,,,,,,,,,,,,,
terreno vitato,terroir viticole,terroir,терруар,,,,,,,,,,,,,,,,,,,,,,
cantiniere,cantinier,,,,,,,,,,,,,,,,,,,,,,,,
titolo alcolometrico minimo,titre alcoométrique minimum,standard natural minimum alcoholic strength,минимальная природная крепость спирта,,,,,,,,,,,,,,,,,,,,,,
titolo alcolometrico minimo potenziale naturale,TAVP (titre alcoométrique volumique potentiel),potential alcoholic strength by volume,потенциальная крепость по обьему,,,,,,,,,,,,,,,,,,,,,,
titolo alcolometrico volumico minimo,titre alcoométrique volumique naturel minimum,,,,,,,,,,,,,,,,,,,,,,,,
uso alimentare diretto,produit de consommation,,,,,,,,,,,,,,,,,,,,,,,,
uso enologico,à usage œnologique,,,,,,,,,,,,,,,,,,,,,,,,
valutazione economico-congiunturale,évaluation du poids économique,,,,,,,,,,,,,,,,,,,,,,,,
pertinenza dei terreni agricoli,domaine viticole,,,,,,,,,,,,,,,,,,,,,,,,
vino di annata,millésime,,,,,,,,,,,,,,,,,,,,,,,,
vitigno autoctono italiano,cépage authoctone italien,,,,,,,,,,,,,,,,,,,,,,,,
colmatura,ouillage,topping / topping up / filling up,доливка вина,,,,,,,,,,,,,,,,,,,,,,
ambito territoriale provinciale,département,,,,,,,,,,,,,,,,,,,,,,,,
area viticola,zone viticole,,,,,,,,,,,,,,,,,,,,,,,,
area vinicola,région vinicole,,,,,,,,,,,,,,,,,,,,,,,,
ASL,agence régionale de santé,,,,,,,,,,,,,,,,,,,,,,,,
associazione enologi enotecnici italiani,union des oenologues de France,,,,,,,,,,,,,,,,,,,,,,,,
attività di degustazione,activité de dégustation,,,,,,,,,,,,,,,,,,,,,,,,
attività enoturistica,activité oenotouristique,,,,,,,,,,,,,,,,,,,,,,,,
attività vitivinicola,activité vitivinicole,,,,,,,,,,,,,,,,,,,,,,,,
azienda agricola vitivinicola,entreprise  vitivinicole,,,,,,,,,,,,,,,,,,,,,,,,
campagna vitivinicola,campagne vitivinicole,,,,,,,,,,,,,,,,,,,,,,,,
campione di vini,échantillon de vins,,,,,,,,,,,,,,,,,,,,,,,,
caratteristica naturale,caractèristique naturelle,,,,,,,,,,,,,,,,,,,,,,,,
caratteristica qualitativa intrinseca,qualité intrinsèque,,,,,,,,,,,,,,,,,,,,,,,,
"Comitato nazionale per la tutela
e la valorizzazione delle denominazioni
di origine e delle indicazioni geografiche tipiche dei vini",comité national des vins et eaux-de-vie de l'Institut national des appellation d'origine,,,,,,,,,,,,,,,,,,,,,,,,
commerciante,négociant,,,,,,,,,,,,,,,,,,,,,,,,
commerciante grossista vinicolo,grossiste en vins,,,,,,,,,,,,,,,,,,,,,,,,
concorso enologico,concours des vins,,,,,,,,,,,,,,,,,,,,,,,,
condizione di produzione,condition de production,,,,,,,,,,,,,,,,,,,,,,,,
consorzio,consortium (des producteurs),,,,,,,,,,,,,,,,,,,,,,,,
consorzio volontario,consortium volontaire (des producteurs),,,,,,,,,,,,,,,,,,,,,,,,
controllo per le denominazioni,contrôle des dénominations,,,,,,,,,,,,,,,,,,,,,,,,
cooperativa agricola,société coopérative agricole,,,,,,,,,,,,,,,,,,,,,,,,
denominazione alterata,fraude sur l'appellation,,,,,,,,,,,,,,,,,,,,,,,,
denominazione di competenza,appellation propre,,,,,,,,,,,,,,,,,,,,,,,,
denominazione preesistente,appellation préexistante,,,,,,,,,,,,,,,,,,,,,,,,
denominazione sociale,dénomination sociale,,,,,,,,,,,,,,,,,,,,,,,,
denuncia di produzione,déclaration de production,,,,,,,,,,,,,,,,,,,,,,,,
deroga per la vinificazione,dérogation pour la vinification,,,,,,,,,,,,,,,,,,,,,,,,
detenzione di anidride carbonica,stockage de CO2,,,,,,,,,,,,,,,,,,,,,,,,
detenzione di vinacce,stockage de vinasses,,,,,,,,,,,,,,,,,,,,,,,,
dichiarazione di conformità,déclaration de conformité,,,,,,,,,,,,,,,,,,,,,,,,
disciplina viticola,législation viticole,,,,,,,,,,,,,,,,,,,,,,,,
disinfezione,désinfection,,,,,,,,,,,,,,,,,,,,,,,,
edificabilità,à bâtir,,,,,,,,,,,,,,,,,,,,,,,,
enoturismo,oenotourisme,wine tourism,винный туризм,,,,,,,,,,,,,,,,,,,,,,
esportatore vinicolo,exportateur de vins,,,,,,,,,,,,,,,,,,,,,,,,
esubero di produzione,excès de production,,,,,,,,,,,,,,,,,,,,,,,,
imprenditore agricolo,entrepreneur agricole,,,,,,,,,,,,,,,,,,,,,,,,
impresa agroindustriale,agro-industrie,,,,,,,,,,,,,,,,,,,,,,,,
indicazione di vitigno,indication de cépage,,,,,,,,,,,,,,,,,,,,,,,,
industriale vinicolo,entrepreneur dans l'industrie du vin,,,,,,,,,,,,,,,,,,,,,,,,
inidoneo,impropre,,,,,,,,,,,,,,,,,,,,,,,,
inquinamento biologico,contamination biologique,,,,,,,,,,,,,,,,,,,,,,,,
inquinamento chimico,contamination chimique,,,,,,,,,,,,,,,,,,,,,,,,
intensità colorimetrica,intensité colorimétrique,,,,,,,,,,,,,,,,,,,,,,,,
istanza consortile,demande du Consortium,,,,,,,,,,,,,,,,,,,,,,,,
logo di nuova elaborazione,création d'une nouvelle marque,,,,,,,,,,,,,,,,,,,,,,,,
luogo di coltura,lieu de culture,,,,,,,,,,,,,,,,,,,,,,,,
mosto concentrato rettificato,moût concentré rectifié,,,,,,,,,,,,,,,,,,,,,,,,
accisa,droit d'accise,,,,,,,,,,,,,,,,,,,,,,,,
tappo di sughero agglomerato,bouchon en liège aggloméré,,,,,,,,,,,,,,,,,,,,,,,,
alcolometrico,alcoométrique,,,,,,,,,,,,,,,,,,,,,,,,
autorizzazione per gli impianti viticoli,autorisation de plantation de vignes,,,,,,,,,,,,,,,,,,,,,,,,
caratteristica analitica,caractéristique analytique,,,,,,,,,,,,,,,,,,,,,,,,
Comunità Economica Europea,Communauté Économique Européenne,,,,,,,,,,,,,,,,,,,,,,,,
Criteri di Gestione Obbligatori,Exigences réglementaires en matière de gestion,,,,,,,,,,,,,,,,,,,,,,,,
Buone Condizioni Agronomiche e Ambientali,Bonnes conditions agricoles et environnementales,,,,,,,,,,,,,,,,,,,,,,,,
cotingente tariffario,contingent tarifaire,,,,,,,,,,,,,,,,,,,,,,,,
dichiarazione obbligatoria,déclaration obligatoire,,,,,,,,,,,,,,,,,,,,,,,,
diritto di impianto,droit de plantation,,,,,,,,,,,,,,,,,,,,,,,,
dispositivo di chiusura,dispositif de fermeture,,,,,,,,,,,,,,,,,,,,,,,,
documento commerciale,document commercial,,,,,,,,,,,,,,,,,,,,,,,,
documento di trasporto,document de transport,,,,,,,,,,,,,,,,,,,,,,,,
documento unico,document unique,,,,,,,,,,,,,,,,,,,,,,,,
doganale,douanier,,,,,,,,,,,,,,,,,,,,,,,,
Associazione Europea di Libero Scambio,Association européenne de libre-échange,,,,,,,,,,,,,,,,,,,,,,,,
esportazione,exportation,,,,,,,,,,,,,,,,,,,,,,,,
estirpazione,arrachage,,,,,,,,,,,,,,,,,,,,,,,,
etichettare,étiqueter,,,,,,,,,,,,,,,,,,,,,,,,
Fondo Europeo Agricolo di Garanzia,Fonds européen agricole de garantie,,,,,,,,,,,,,,,,,,,,,,,,
Fondo Europeo Agricolo per lo Sviluppo Rurale,Fonds européen agricole pour le développement rural,,,,,,,,,,,,,,,,,,,,,,,,
Federazione Internazionale dei Movimenti per l'Agricoltura Biologica,Fédération internationale des mouvements d'agriculture biologique,,,,,,,,,,,,,,,,,,,,,,,,
importazione,importation,,,,,,,,,,,,,,,,,,,,,,,,
impresa produttrice,entreprise productrice,,,,,,,,,,,,,,,,,,,,,,,,
area di interesse ecologico,surface d'intérêt écologique,,,,,,,,,,,,,,,,,,,,,,,,
immissione in libera pratica,mise en libre pratique,,,,,,,,,,,,,,,,,,,,,,,,
menzione riservata facoltativa,mention réservée facultative,,,,,,,,,,,,,,,,,,,,,,,,
mercato agricolo,marché agricole,,,,,,,,,,,,,,,,,,,,,,,,
mercato interno,marché intérieur,,,,,,,,,,,,,,,,,,,,,,,,
mercato vitivinicolo,marché vitivinicole,,,,,,,,,,,,,,,,,,,,,,,,
milliequivalente,milliéquivalent,,,,,,,,,,,,,,,,,,,,,,,,
Movimenti dei prodotti VitiVinicoli,document administratif éléctronique,,,,,,,,,,,,,,,,,,,,,,,,
Nomenclatura Combinata,Nomenclature Combinée,,,,,,,,,,,,,,,,,,,,,,,,
norma di commercializzazione,norme de commercialisation,,,,,,,,,,,,,,,,,,,,,,,,
Organizzazione Comune di Mercato,Organisation commune de marché,,,,,,,,,,,,,,,,,,,,,,,,
Polo enologico italiano,Institut Francçais de la Vigne et du Vin,,,,,,,,,,,,,,,,,,,,,,,,
Organizzazione Internazionale della Vigna e del Vino,Organisation internationale de la vigne et du vin,,,,,,,,,,,,,,,,,,,,,,,,
Ufficio delle Pubblicazioni dell'Unione Europea,Office des publications de l'Union européenne,,,,,,,,,,,,,,,,,,,,,,,,
organizzazione di produttori,organisation de producteurs,,,,,,,,,,,,,,,,,,,,,,,,
Politica Agricola Comune,Politique Agricole Commune,,,,,,,,,,,,,,,,,,,,,,,,
parcella agricola,parcelle agricole,,,,,,,,,,,,,,,,,,,,,,,,
particella viticola,parcelle de vigne,,,,,,,,,,,,,,,,,,,,,,,,
premio di estirpazione,prime d'arrachage,,,,,,,,,,,,,,,,,,,,,,,,
prodotto ammissibile,produit admissible,,,,,,,,,,,,,,,,,,,,,,,,
produttore,producteur,,,,,,,,,,,,,,,,,,,,,,,,
programma di sviluppo rurale,Programme de développement rural,,,,,,,,,,,,,,,,,,,,,,,,
accenno,pointe,,,,,,,,,,,,,,,,,,,,,,,,
analisi olfattiva,analyse olfactive,,,,,,,,,,,,,,,,,,,,,,,,
anice,anis,,,,,,,,,,,,,,,,,,,,,,,,
apparato olfattivo,système olfactif,,,,,,,,,,,,,,,,,,,,,,,,
aroma primario,arôme primaire,,,,,,,,,,,,,,,,,,,,,,,,
ciliegia,cerise,,,,,,,,,,,,,,,,,,,,,,,,
descrittore olfattivo,descripteur olfactif,,,,,,,,,,,,,,,,,,,,,,,,
emanare,exhaler,,,,,,,,,,,,,,,,,,,,,,,,
esame olfattivo,examen olfactif,,,,,,,,,,,,,,,,,,,,,,,,
eucalipto,eucalyptus,,,,,,,,,,,,,,,,,,,,,,,,
famiglia di aromi,famille des arômes,,,,,,,,,,,,,,,,,,,,,,,,
frutti di bosco,fruits rouges,,,,,,,,,,,,,,,,,,,,,,,,
lampone,framboise,,,,,,,,,,,,,,,,,,,,,,,,
mandorla,amande,,,,,,,,,,,,,,,,,,,,,,,,
mirtillo,myrtille,,,,,,,,,,,,,,,,,,,,,,,,
mora,mûre,,,,,,,,,,,,,,,,,,,,,,,,
nocciola,noisette,,,,,,,,,,,,,,,,,,,,,,,,
odore,odeur,,,,,,,,,,,,,,,,,,,,,,,,
olfatto,odorat,,,,,,,,,,,,,,,,,,,,,,,,
pepe nero,poivre noir,,,,,,,,,,,,,,,,,,,,,,,,
profumo,parfum,,,,,,,,,,,,,,,,,,,,,,,,
susina,prune,,,,,,,,,,,,,,,,,,,,,,,,
prugna,pruneau,,,,,,,,,,,,,,,,,,,,,,,,
recettore olfattivo,récepteur olfactif,,,,,,,,,,,,,,,,,,,,,,,,
ribes nero,cassis,,,,,,,,,,,,,,,,,,,,,,,,
richiamo,retour,,,,,,,,,,,,,,,,,,,,,,,,
sensazione olfattiva,sensation olfactive,,,,,,,,,,,,,,,,,,,,,,,,
sensibilità olfattiva,sensibilité olfactive,,,,,,,,,,,,,,,,,,,,,,,,
sentore,senteur,,,,,,,,,,,,,,,,,,,,,,,,
spunto acetico,piqûre acétique,,,,,,,,,,,,,,,,,,,,,,,,
spunto,piqué,,,,,,,,,,,,,,,,,,,,,,,,
tono speziato,nuance épicée,,,,,,,,,,,,,,,,,,,,,,,,
chiodi di garofano,clous de girofle,,,,,,,,,,,,,,,,,,,,,,,,
fragola,fraise,,,,,,,,,,,,,,,,,,,,,,,,
liquirizia,réglisse,,,,,,,,,,,,,,,,,,,,,,,,
menta,menthe,,,,,,,,,,,,,,,,,,,,,,,,
vaniglia,vanille,,,,,,,,,,,,,,,,,,,,,,,,
cannella,canelle,,,,,,,,,,,,,,,,,,,,,,,,
nota,note,,,,,,,,,,,,,,,,,,,,,,,,
percepire,percevoir,,,,,,,,,,,,,,,,,,,,,,,,
bouquet,bouquet,,,,,,,,,,,,,,,,,,,,,,,,
sovrapressione,surpression,,,,,,,,,,,,,,,,,,,,,,,,
spumantizzare,champagniser,Champagne method,Шампанский метод,,,,,,,,,,,,,,,,,,,,,,
spumare,mousser,,,,,,,,,,,,,,,,,,,,,,,,
stopper,bouchon stoppeur,,,,,,,,,,,,,,,,,,,,,,,,
sviluppo di spuma,développement de la mousse,,,,,,,,,,,,,,,,,,,,,,,,
tappo a corona,capsule couronne,,,,,,,,,,,,,,,,,,,,,,,,
tecnica di spumantizzazione,technique de champagnisation,,,,,,,,,,,,,,,,,,,,,,,,
Torbato,Tourbat,,,,,,,,,,,,,,,,,,,,,,,,
Torbato,Torbato,,,,,,,,,,,,,,,,,,,,,,,,
tourniquet,rondoir,,,,,,,,,,,,,,,,,,,,,,,,
metodo transfer,méthode transfert,,,,,,,,,,,,,,,,,,,,,,,,
ultra secco,ultra sec,,,,,,,,,,,,,,,,,,,,,,,,
Albana,Albana,,,,,,,,,,,,,,,,,,,,,,,,
Albana,Albana,,,,,,,,,,,,,,,,,,,,,,,,
aerazione,aération,,,,,,,,,,,,,,,,,,,,,,,,
aggressione,attaque,,,,,,,,,,,,,,,,,,,,,,,,
Albana di Romagna,Albana di Romagna,,,,,,,,,,,,,,,,,,,,,,,,
Albarola,Albarola,,,,,,,,,,,,,,,,,,,,,,,,
ammorbidimento,assouplissement,,,,,,,,,,,,,,,,,,,,,,,,
ammuffimento,pourriture,,,,,,,,,,,,,,,,,,,,,,,,
appassimento,passerillage,,,,,,,,,,,,,,,,,,,,,,,,
appassimento forzato,passerillage artificiel,,,,,,,,,,,,,,,,,,,,,,,,
appassimento in fruttaio,passerillage en fruitier,,,,,,,,,,,,,,,,,,,,,,,,
appassimento naturale,passerillage naturel,,,,,,,,,,,,,,,,,,,,,,,,
appassimento off-vine,passerillage hors souche,,,,,,,,,,,,,,,,,,,,,,,,
appassimento on-vine,passerillage sur souche,,,,,,,,,,,,,,,,,,,,,,,,
appassire,sécher,,,,,,,,,,,,,,,,,,,,,,,,
arricchimento,enrichissement,,,,,,,,,,,,,,,,,,,,,,,,
avvizzimento,flétrissement,,,,,,,,,,,,,,,,,,,,,,,,
Bosco,Bosco,,,,,,,,,,,,,,,,,,,,,,,,
botritizzato,botrytisé,,,,,,,,,,,,,,,,,,,,,,,,
Botrytis Cinerea,Botrytis Cinerea,,,,,,,,,,,,,,,,,,,,,,,,
canale di ventilazione,canal de ventilation,,,,,,,,,,,,,,,,,,,,,,,,
cassetta di plastica traforata,boîte en plastique perforée,,,,,,,,,,,,,,,,,,,,,,,,
cella termocondizionata,chambre thermorégulée,,,,,,,,,,,,,,,,,,,,,,,,
coadiuvante enologico,additif œnologique,,,,,,,,,,,,,,,,,,,,,,,,
contaminazione,contamination,,,,,,,,,,,,,,,,,,,,,,,,
contaminazione batterica,contamination bactérienne,,,,,,,,,,,,,,,,,,,,,,,,
Corvina,Corvina,,,,,,,,,,,,,,,,,,,,,,,,
disidratazione,déshydratation,,,,,,,,,,,,,,,,,,,,,,,,
enzima pectolitico,enzyme pectolytique,,,,,,,,,,,,,,,,,,,,,,,,
Erbaluce,Erbaluce,,,,,,,,,,,,,,,,,,,,,,,,
Erbaluce di Caluso passito,Erbaluce di Caluso passito,,,,,,,,,,,,,,,,,,,,,,,,
farina fossile,terre de diatomée,,,,,,,,,,,,,,,,,,,,,,,,
filtrazione brillantante,filtration sur terre,,,,,,,,,,,,,,,,,,,,,,,,
fruttaio,fruitier,,,,,,,,,,,,,,,,,,,,,,,,
glicerina,glycérine,,,,,,,,,,,,,,,,,,,,,,,,
grappolo spargolo,grappe lâche,,,,,,,,,,,,,,,,,,,,,,,,
Greco Bianco,Greco Bianco,,,,,,,,,,,,,,,,,,,,,,,,
maturazione fisiologica,maturité physiologique,,,,,,,,,,,,,,,,,,,,,,,,
maturazione tecnologica,maturité technologique,,,,,,,,,,,,,,,,,,,,,,,,
Monica,Monica,,,,,,,,,,,,,,,,,,,,,,,,
muffa,moisissure,,,,,,,,,,,,,,,,,,,,,,,,
muffa nobile,pourriture noble,,,,,,,,,,,,,,,,,,,,,,,,
Nosiola,Nosiola,,,,,,,,,,,,,,,,,,,,,,,,
Nuragus,Nuragus,,,,,,,,,,,,,,,,,,,,,,,,
passito liquoroso,vin de paille liquoreux,,,,,,,,,,,,,,,,,,,,,,,,
passito rosso,vin de paille rouge,,,,,,,,,,,,,,,,,,,,,,,,
passito secco,vin de paille sec,,,,,,,,,,,,,,,,,,,,,,,,
passito spumantizzato,vin de paille champagnisé,,,,,,,,,,,,,,,,,,,,,,,,
Picolit,Picolit,,,,,,,,,,,,,,,,,,,,,,,,
Picolit,Picolit,,,,,,,,,,,,,,,,,,,,,,,,
pressa orizzontale pneumatica,pressoir horizontal pneumatique,,,,,,,,,,,,,,,,,,,,,,,,
pressatura soffice,pressurage doux,,,,,,,,,,,,,,,,,,,,,,,,
acido acetico,acide acétique,,,,,,,,,,,,,,,,,,,,,,,,
acido ellagico,acide ellagique,,,,,,,,,,,,,,,,,,,,,,,,
acido lattico,acide lactique,,,,,,,,,,,,,,,,,,,,,,,,
acido tartarico,acide tartrique,,,,,,,,,,,,,,,,,,,,,,,,
antociani,anthocyanes,,,,,,,,,,,,,,,,,,,,,,,,
batterio acetico,bactérie acétique,,,,,,,,,,,,,,,,,,,,,,,,
batterio lattico,bactérie lactique,,,,,,,,,,,,,,,,,,,,,,,,
cappello di vinacce,chapeau de marc,,,,,,,,,,,,,,,,,,,,,,,,
condensazione,condensation,,,,,,,,,,,,,,,,,,,,,,,,
diraspapigiatrice,égrappoir-fouloir,,,,,,,,,,,,,,,,,,,,,,,,
diraspatura,égrappage,,,,,,,,,,,,,,,,,,,,,,,,
ellagitannino,ellagitanin,,,,,,,,,,,,,,,,,,,,,,,,
fermentare,fermenter,,,,,,,,,,,,,,,,,,,,,,,,
fermentazione primaria,première fermentation,,,,,,,,,,,,,,,,,,,,,,,,
follatura,foulage,,,,,,,,,,,,,,,,,,,,,,,,
grado alcolico,degré alcoolique,,,,,,,,,,,,,,,,,,,,,,,,
infermentescibile,infermentescible,,,,,,,,,,,,,,,,,,,,,,,,
lievito indigeno,levure indigène,,,,,,,,,,,,,,,,,,,,,,,,
macerare,macérer,,,,,,,,,,,,,,,,,,,,,,,,
piegatura a fuoco,cintrage au feu,,,,,,,,,,,,,,,,,,,,,,,,
polimerizzazione,polymérisation,,,,,,,,,,,,,,,,,,,,,,,,
precipitazione tartarica,précipitation tartrique,,,,,,,,,,,,,,,,,,,,,,,,
pressare,presser,,,,,,,,,,,,,,,,,,,,,,,,
raspo,rafle,,,,,,,,,,,,,,,,,,,,,,,,
rimescolamento,bâtonnage,,,,,,,,,,,,,,,,,,,,,,,,
rimontaggio,remontage,,,,,,,,,,,,,,,,,,,,,,,,
rotomaceratore orizzontale,macérateur horizontal rotatif,,,,,,,,,,,,,,,,,,,,,,,,
sgrondare,égoutter,,,,,,,,,,,,,,,,,,,,,,,,
stagionatura,séchage,,,,,,,,,,,,,,,,,,,,,,,,
stratificazione,couche,,,,,,,,,,,,,,,,,,,,,,,,
termovinificazione,thermovinification,,,,,,,,,,,,,,,,,,,,,,,,
torchiatura,pressurage,,,,,,,,,,,,,,,,,,,,,,,,
torchio,pressoir,,,,,,,,,,,,,,,,,,,,,,,,
tostare,chauffer,,,,,,,,,,,,,,,,,,,,,,,,
tostatura,chauffe,,,,,,,,,,,,,,,,,,,,,,,,
vinificare,vinifier,to vinify,винификация,,,,,,,,,,,,,,,,,,,,,,
vinificatore,vinificateur,,,,,,,,,,,,,,,,,,,,,,,,
vinificazione a caldo,extraction à chaud,,,,,,,,,,,,,,,,,,,,,,,,
vinificazione con macerazione carbonica,vinification par macération carbonique,,,,,,,,,,,,,,,,,,,,,,,,
vinificazione continua,vinification continue,,,,,,,,,,,,,,,,,,,,,,,,
vinificazione in bianco,vinification en blanc,,,,,,,,,,,,,,,,,,,,,,,,
vinificazione in riduzione,vinification en réduction,,,,,,,,,,,,,,,,,,,,,,,,
vinificazione in rosso,vinification en rouge,,,,,,,,,,,,,,,,,,,,,,,,
acidità totale,acidité totale,,,,,,,,,,,,,,,,,,,,,,,,
alcol etilico,alcool éthylique,,,,,,,,,,,,,,,,,,,,,,,,
glicolisi,glycolyse,,,,,,,,,,,,,,,,,,,,,,,,
lievito apiculato,levure apiculée,,,,,,,,,,,,,,,,,,,,,,,,
saccaromicete,saccharomyce,,,,,,,,,,,,,,,,,,,,,,,,
torchiare,presser,,,,,,,,,,,,,,,,,,,,,,,,
sgrondatura,égouttage,,,,,,,,,,,,,,,,,,,,,,,,
svinatura,décuvage,,,,,,,,,,,,,,,,,,,,,,,,
Vino spumante bianco,Vin blanc Mousseux,,,,,,,,,,,,,,,,,,,,,,,,
vinificatore,vinificateur,,,,,,,,,,,,,,,,,,,,,,,,
acetaldeide,acétaldéhyde,,,,,,,,,,,,,,,,,,,,,,,,
alcole,alcool,,,,,,,,,,,,,,,,,,,,,,,,
ammine biogene,amine biogène,,,,,,,,,,,,,,,,,,,,,,,,
bâtonnage,bâtonnage,,,,,,,,,,,,,,,,,,,,,,,,
colture di fermenti,production de ferments,,,,,,,,,,,,,,,,,,,,,,,,
composto fenolico,composés phénoliques ,,,,,,,,,,,,,,,,,,,,,,,,
criomacerazione,macération préfermentaire,,,,,,,,,,,,,,,,,,,,,,,,
decomposizione,décomposition,,,,,,,,,,,,,,,,,,,,,,,,
diossido di zolfo, dioxyde de soufre,,,,,,,,,,,,,,,,,,,,,,,,
feniletilammina,phénéthylamine,,,,,,,,,,,,,,,,,,,,,,,,
fermentazione alcolica,fermentation alcoolique,,,,,,,,,,,,,,,,,,,,,,,,
fermentazione in bianco,fermentation en blanc,,,,,,,,,,,,,,,,,,,,,,,,
fermentazione in rosso,fermentaion en rouge,,,,,,,,,,,,,,,,,,,,,,,,
fermentazione intracellulare,fermentation intracellulaire,,,,,,,,,,,,,,,,,,,,,,,,
fermentazione lenta,fermentation lente,,,,,,,,,,,,,,,,,,,,,,,,
fermentazione malolattica, fermentation malolactique ,,,,,,,,,,,,,,,,,,,,,,,,
gas inerte,gaz inerte,,,,,,,,,,,,,,,,,,,,,,,,
ione solfito,sulfite,,,,,,,,,,,,,,,,,,,,,,,,
istamina,histamine,,,,,,,,,,,,,,,,,,,,,,,,
istidina,histidine,,,,,,,,,,,,,,,,,,,,,,,,
lievito selezionato,levure séléctionnée,,,,,,,,,,,,,,,,,,,,,,,,
lievito autoctono,levure indigène,,,,,,,,,,,,,,,,,,,,,,,,
omogeneizzazione,homogénéisation,,,,,,,,,,,,,,,,,,,,,,,,
peptide,peptide,,,,,,,,,,,,,,,,,,,,,,,,
polialcoli,polyols,,,,,,,,,,,,,,,,,,,,,,,,
processo di degradazione,processus de dégradation,,,,,,,,,,,,,,,,,,,,,,,,
respirazione aerobica,respiration aérobie,,,,,,,,,,,,,,,,,,,,,,,,
respirazione anaerobica,respiration anaérobie,,,,,,,,,,,,,,,,,,,,,,,,
saturazione,saturation,,,,,,,,,,,,,,,,,,,,,,,,
sodio solfito,sulfite de sodium,,,,,,,,,,,,,,,,,,,,,,,,
sostanza colloidale,substance colloïdale,,,,,,,,,,,,,,,,,,,,,,,,
vinaccia,marc de raisin,,,,,,,,,,,,,,,,,,,,,,,,
zucchero riduttore,sucre réducteur,,,,,,,,,,,,,,,,,,,,,,,,
acidità volatile,acidité volatile,,,,,,,,,,,,,,,,,,,,,,,,
acido citrico,acide citrique,,,,,,,,,,,,,,,,,,,,,,,,
decarbossilazione,décarboxylation,,,,,,,,,,,,,,,,,,,,,,,,
enzima malolattico,enzyme malolactique,,,,,,,,,,,,,,,,,,,,,,,,
acido organico,acide organique,,,,,,,,,,,,,,,,,,,,,,,,
amminoacido,acide aminé,,,,,,,,,,,,,,,,,,,,,,,,
autolisi,autolyse,,,,,,,,,,,,,,,,,,,,,,,,
spumantizzazione,prise de mousse,,,,,,,,,,,,,,,,,,,,,,,,
acido malico,acide malique,,,,,,,,,,,,,,,,,,,,,,,,
anidride carbonica,gaz carbonique,,,,,,,,,,,,,,,,,,,,,,,,
anidride solforosa,anhydride sulfureux,,,,,,,,,,,,,,,,,,,,,,,,
chiarificazione,clarification,,,,,,,,,,,,,,,,,,,,,,,,
feccia,lie,,,,,,,,,,,,,,,,,,,,,,,,
uva cortese,cépage cortese,,,,,,,,,,,,,,,,,,,,,,,,
uva erbaluce,cépage erbaluce,,,,,,,,,,,,,,,,,,,,,,,,
uva verdicchio,cépage verdicchio,,,,,,,,,,,,,,,,,,,,,,,,
uva bombino,cépage bombino,,,,,,,,,,,,,,,,,,,,,,,,
effervescenza naturale,effervescence naturel,,,,,,,,,,,,,,,,,,,,,,,,
vino crémant,vin crémant,,,,,,,,,,,,,,,,,,,,,,,,
ambiente pedoclimatico,terroir,,,,,,,,,,,,,,,,,,,,,,,,
cimatura,écimage,,,,,,,,,,,,,,,,,,,,,,,,
coltivazione biodinamica,culture biodynamique,,,,,,,,,,,,,,,,,,,,,,,,
coltivazione biologica,culture biologique,,,,,,,,,,,,,,,,,,,,,,,,
concimazione,fumure,,,,,,,,,,,,,,,,,,,,,,,,
cordone,cordon,,,,,,,,,,,,,,,,,,,,,,,,
infiorescenza,inflorescence,,,,,,,,,,,,,,,,,,,,,,,,
irrigazione,irrigation,,,,,,,,,,,,,,,,,,,,,,,,
legatura,liage,,,,,,,,,,,,,,,,,,,,,,,,
lotta integrata,lutte intégrée,,,,,,,,,,,,,,,,,,,,,,,,
potatura verde,taille en vert,,,,,,,,,,,,,,,,,,,,,,,,
racemi composti,racèmes composés,,,,,,,,,,,,,,,,,,,,,,,,
sarmento,sarment,,,,,,,,,,,,,,,,,,,,,,,,
sesti d'impianto,intervalles de plantation,,,,,,,,,,,,,,,,,,,,,,,,
sfogliatura,effeuillage,,,,,,,,,,,,,,,,,,,,,,,,
sostanze tanniche,substances tanniques,,,,,,,,,,,,,,,,,,,,,,,,
sperone,courson,,,,,,,,,,,,,,,,,,,,,,,,
viticcio,vrille,,,,,,,,,,,,,,,,,,,,,,,,
tralcio,sarment,,,,,,,,,,,,,,,,,,,,,,,,
Filare,rang,,,,,,,,,,,,,,,,,,,,,,,,
potatura,taille,,,,,,,,,,,,,,,,,,,,,,,,
vitigno locale,cépage local,,,,,,,,,,,,,,,,,,,,,,,,
vitigno locale Avanà,cépage local Avanà,,,,,,,,,,,,,,,,,,,,,,,,
vino da meditazione,vin de méditation,,,,,,,,,,,,,,,,,,,,,,,,
freschezza,fraîcheur,,,,,,,,,,,,,,,,,,,,,,,,
botte,tonneau,,,,,,,,,,,,,,,,,,,,,,,,
vasca in acciaio inossidabile,cuve en acier inoxydable,,,,,,,,,,,,,,,,,,,,,,,,
erba aromatica,herbe aromatique,,,,,,,,,,,,,,,,,,,,,,,,
miele,miel,,,,,,,,,,,,,,,,,,,,,,,,
mistella,mistelle,,,,,,,,,,,,,,,,,,,,,,,,
Vermut,Vermouth,,,,,,,,,,,,,,,,,,,,,,,,
spumante,mousseux,,,,,,,,,,,,,,,,,,,,,,,,
vino dolce,vin doux,,,,,,,,,,,,,,,,,,,,,,,,
acidità,acidité,,,,,,,,,,,,,,,,,,,,,,,,
dolcezza,douceur,,,,,,,,,,,,,,,,,,,,,,,,
zona di imbottigliamento,zone de mise en bouteille,,,,,,,,,,,,,,,,,,,,,,,,
zona di produzione,zone de production,,,,,,,,,,,,,,,,,,,,,,,,
zona di vinificazione,zone de vinification ,,,,,,,,,,,,,,,,,,,,,,,,
zone di lavorazione,zones de travail,,,,,,,,,,,,,,,,,,,,,,,,
cantina sociale,cave coopérative,,,,,,,,,,,,,,,,,,,,,,,,
dichiarazione di produzione,déclaration de production,,,,,,,,,,,,,,,,,,,,,,,,
dichiarazione di vendemmia,déclaration de récolte,,,,,,,,,,,,,,,,,,,,,,,,
disciplinare di produzione,cahier des charges,,,,,,,,,,,,,,,,,,,,,,,,
filiera vitivinicola,filière vitivinicole,,,,,,,,,,,,,,,,,,,,,,,,
marchio consortile,marque du Consortium,,,,,,,,,,,,,,,,,,,,,,,,
prodotto vitivinicolo,produit vitivinicole,,,,,,,,,,,,,,,,,,,,,,,,
rinomanza commerciale,notoriété commerciale,,,,,,,,,,,,,,,,,,,,,,,,
zona viticola,zone viticole,,,,,,,,,,,,,,,,,,,,,,,,
vigneto eroico,vignoble héroïque,,,,,,,,,,,,,,,,,,,,,,,,
terreno seminativo,terre arable,,,,,,,,,,,,,,,,,,,,,,,,
Trattato sul funzionamento dell'Unione Europea,Traité sur le fonctionnement de l'Union européenne,,,,,,,,,,,,,,,,,,,,,,,,
acino sferoide,grain sphérique,,,,,,,,,,,,,,,,,,,,,,,,
bacca bianca,baie blanche,,,,,,,,,,,,,,,,,,,,,,,,
bacca rossa,baie rouge,,,,,,,,,,,,,,,,,,,,,,,,
bacca scura,baie noire,,,,,,,,,,,,,,,,,,,,,,,,
Barbera,Barbera,,,,,,,,,,,,,,,,,,,,,,,,
buccia pruinosa,peau pruinée,,,,,,,,,,,,,,,,,,,,,,,,
Cabernet sauvignon,Cabernet sauvignon,,,,,,,,,,,,,,,,,,,,,,,,
Falanghina,Falanghina,,,,,,,,,,,,,,,,,,,,,,,,
foglia pentagonale,feuille pentagonale,,,,,,,,,,,,,,,,,,,,,,,,
foglia quinquelobata,feuille quinquélobées,,,,,,,,,,,,,,,,,,,,,,,,
foglia trilobata,feuille trilobée,,,,,,,,,,,,,,,,,,,,,,,,
grappolo piramidale,grappe pyramidale,,,,,,,,,,,,,,,,,,,,,,,,
Monferrato,Monferrato,,,,,,,,,,,,,,,,,,,,,,,,
Montepulciano,Montepulciano,,,,,,,,,,,,,,,,,,,,,,,,
Ribolla,Ribolla,,,,,,,,,,,,,,,,,,,,,,,,
Riesling,Riesling,,,,,,,,,,,,,,,,,,,,,,,,
Sangiovese,Sangiovese,,,,,,,,,,,,,,,,,,,,,,,,
Sauvignon,Sauvignon,,,,,,,,,,,,,,,,,,,,,,,,
Schiava,Schiava,,,,,,,,,,,,,,,,,,,,,,,,
sottovarietà,sous-variété,,,,,,,,,,,,,,,,,,,,,,,,
uvaggio,assemblage,,,,,,,,,,,,,,,,,,,,,,,,
vitigno bianco,cépage blanc,,,,,,,,,,,,,,,,,,,,,,,,
viitgno rosso,cépage rouge,,,,,,,,,,,,,,,,,,,,,,,,
Merlot,Merlot,,,,,,,,,,,,,,,,,,,,,,,,
Cabernet franc,Cabernet franc,,,,,,,,,,,,,,,,,,,,,,,,
Moscato,Muscat,,,,,,,,,,,,,,,,,,,,,,,,
Zibibbo,Muscat d'Alexandrie,,,,,,,,,,,,,,,,,,,,,,,,
Vernaccia,Vernaccia,,,,,,,,,,,,,,,,,,,,,,,,
Malvasia,Malvoisie,,,,,,,,,,,,,,,,,,,,,,,,
Pinot,Pinot,,,,,,,,,,,,,,,,,,,,,,,,
Cannonau,Grenache,,,,,,,,,,,,,,,,,,,,,,,,
Nebbiolo,Nebbiolo,,,,,,,,,,,,,,,,,,,,,,,,
Chardonnay,Chardonnay,,,,,,,,,,,,,,,,,,,,,,,,
manometro,manomètre,,,,,,,,,,,,,,,,,,,,,,,,
medium dry,demi-sec,,,,,,,,,,,,,,,,,,,,,,,,
"menzione ""Premium""","mention ""Premium""",,,,,,,,,,,,,,,,,,,,,,,,
metodo champenoise,méthode champenoise,,,,,,,,,,,,,,,,,,,,,,,,
metodo Marone-Cinzano,méthode par transfert,,,,,,,,,,,,,,,,,,,,,,,,
metodo Martinotti-charmat,méthode charmat,,,,,,,,,,,,,,,,,,,,,,,,
Moscato giallo,Moscato giallo,,,,,,,,,,,,,,,,,,,,,,,,
mosto solfitato,moût sulfité,,,,,,,,,,,,,,,,,,,,,,,,
Müller Thurgau,Müller-Thurgau,,,,,,,,,,,,,,,,,,,,,,,,
muselet,muselet,,,,,,,,,,,,,,,,,,,,,,,,
Dom Pérignon,Dom Pérignon,,,,,,,,,,,,,,,,,,,,,,,,
Pinot Meunier,Pinot Meunier,,,,,,,,,,,,,,,,,,,,,,,,
Pinot nero,Pinot noir,,,,,,,,,,,,,,,,,,,,,,,,
polietilene,polyéthylène,,,,,,,,,,,,,,,,,,,,,,,,
presa di spuma,prise de mousse,,,,,,,,,,,,,,,,,,,,,,,,
vino,vin,,,,,,,,,,,,,,,,,,,,,,,,
cassetta di raccolta,caisse à vendange,,,,,,,,,,,,,,,,,,,,,,,,
cernita automatica,tri automatique,,,,,,,,,,,,,,,,,,,,,,,,
cernita manuale,tri manuel,,,,,,,,,,,,,,,,,,,,,,,,
ciglione,talus,,,,,,,,,,,,,,,,,,,,,,,,
controspalliera,contre-espalier,,,,,,,,,,,,,,,,,,,,,,,,
diradamento,éclaircissage,,,,,,,,,,,,,,,,,,,,,,,,
diraspamento,éraflage,,,,,,,,,,,,,,,,,,,,,,,,
ettaro vitato,hectare de vigne,,,,,,,,,,,,,,,,,,,,,,,,
forbice,sécateur,,,,,,,,,,,,,,,,,,,,,,,,
grappolo ammuffito,raisin pourri,,,,,,,,,,,,,,,,,,,,,,,,
incernierare,articuler,,,,,,,,,,,,,,,,,,,,,,,,
macchina semovente,machine automotrice,,,,,,,,,,,,,,,,,,,,,,,,
macchina vendemmiatrice,machine à vendanger,,,,,,,,,,,,,,,,,,,,,,,,
maturazione aromatica,maturité aromatique,,,,,,,,,,,,,,,,,,,,,,,,
nebulizzatore,nébulisateur,,,,,,,,,,,,,,,,,,,,,,,,
peduncolo,pédoncule,,,,,,,,,,,,,,,,,,,,,,,,
picciolo,pétiole,,,,,,,,,,,,,,,,,,,,,,,,
polverizzazione,morcellement,,,,,,,,,,,,,,,,,,,,,,,,
potatrice,élagueur,,,,,,,,,,,,,,,,,,,,,,,,
resa per pianta,rendement viticole,,,,,,,,,,,,,,,,,,,,,,,,
rimozione meccanica,enlever mécaniquement,,,,,,,,,,,,,,,,,,,,,,,,
scuotimento orizzontale,secousses horizontales,,,,,,,,,,,,,,,,,,,,,,,,
scuotimento verticale,secousses verticales,,,,,,,,,,,,,,,,,,,,,,,,
semovente,automoteur,,,,,,,,,,,,,,,,,,,,,,,,
speronare,éperonner,,,,,,,,,,,,,,,,,,,,,,,,
tavolo di cernita,table de tri,,,,,,,,,,,,,,,,,,,,,,,,
terrazza,terrasse,,,,,,,,,,,,,,,,,,,,,,,,
tramoggia,trémie,,,,,,,,,,,,,,,,,,,,,,,,
tunnel di raccolta,tunnel de récolte,,,,,,,,,,,,,,,,,,,,,,,,
vendemmiatrice,vendangeuse,,,,,,,,,,,,,,,,,,,,,,,,
vendemmia manuale,vendange manuelle,,,,,,,,,,,,,,,,,,,,,,,,
vendemmia meccanica,vendange mécanique,,,,,,,,,,,,,,,,,,,,,,,,
vendemmiatrice semovente,vendangeuse automotrice,,,,,,,,,,,,,,,,,,,,,,,,
viticoltore,viticulteur,,,,,,,,,,,,,,,,,,,,,,,,
viticoltura,viticulture,,,,,,,,,,,,,,,,,,,,,,,,
maturazione fenolica,maturité phénolique,,,,,,,,,,,,,,,,,,,,,,,,
vendemmia,vendange,,,,,,,,,,,,,,,,,,,,,,,,
superficie vitata,superficie plantée en vigne,,,,,,,,,,,,,,,,,,,,,,,,
vendemmia tardiva,vendange tardive,,,,,,,,,,,,,,,,,,,,,,,,
sottoprodotto,sous-produit,,,,,,,,,,,,,,,,,,,,,,,,
superficie del vino,surface du vin,,,,,,,,,,,,,,,,,,,,,,,,
titolo alcolometrico totale,titre alcoométrique totale,,,,,,,,,,,,,,,,,,,,,,,,
titolo alcolometrico volumico effettivo,titre alcoométrique volumique acquis,,,,,,,,,,,,,,,,,,,,,,,,
regione ultraperiferica,région ultrapériphérique,,,,,,,,,,,,,,,,,,,,,,,,
commercializzazione,commercialisation,,,,,,,,,,,,,,,,,,,,,,,,
consumo umano diretto,consommation humaine directe,,,,,,,,,,,,,,,,,,,,,,,,
importo,montant,,,,,,,,,,,,,,,,,,,,,,,,
menzione tradizionale,mention traditionnelle,,,,,,,,,,,,,,,,,,,,,,,,
potenziale produttivo,potentiel de production,,,,,,,,,,,,,,,,,,,,,,,,
pratica enologica,pratique œnologique,,,,,,,,,,,,,,,,,,,,,,,,
denominazione di vendita,dénomination de vente,,,,,,,,,,,,,,,,,,,,,,,,
angostura,angustura,,,,,,,,,,,,,,,,,,,,,,,,
barili di quercia,chêne baril,,,,,,,,,,,,,,,,,,,,,,,,
brandy di mele,pomme brandy,,,,,,,,,,,,,,,,,,,,,,,,
DOC,AOC,,,,,,,,,,,,,,,,,,,,,,,,
Brandy Napoleone o Brandy di invecchiamento Medio superiore,Cognac Napoléon,,,,,,,,,,,,,,,,,,,,,,,,
Brandy Vecchia Riserva,Cognac vieille réserve,,,,,,,,,,,,,,,,,,,,,,,,
VSOP,Brandy VSOP,,,,,,,,,,,,,,,,,,,,,,,,
XO,Brandy XO,,,,,,,,,,,,,,,,,,,,,,,,
calvados,calvados,,,,,,,,,,,,,,,,,,,,,,,,
cognac millesimato,cognac milésimé,,,,,,,,,,,,,,,,,,,,,,,,
Damigiana,bonbonne,,,,,,,,,,,,,,,,,,,,,,,,
doppia distillazione,double distillation,,,,,,,,,,,,,,,,,,,,,,,,
Gradazione alcolica,dégré alcoolique,,,,,,,,,,,,,,,,,,,,,,,,
liquore,liqueur,,,,,,,,,,,,,,,,,,,,,,,,
mastro bottaio,Maître assembleur,,,,,,,,,,,,,,,,,,,,,,,,
miscelazione,assemblage,,,,,,,,,,,,,,,,,,,,,,,,
Regione della Charente,Region de la Charente,,,,,,,,,,,,,,,,,,,,,,,,
Trebbiano toscano,Ugni Blanc,,,,,,,,,,,,,,,,,,,,,,,,
ufficio nazionale interprofessionale del cognac (BNIC),BNIC,,,,,,,,,,,,,,,,,,,,,,,,
taglio,coupage,,,,,,,,,,,,,,,,,,,,,,,,
Brandy,Brandy,,,,,,,,,,,,,,,,,,,,,,,,
Cantina,Paradis,,,,,,,,,,,,,,,,,,,,,,,,
rosmarino,romarin,,,,,,,,,,,,,,,,,,,,,,,,
salvia,sauge,,,,,,,,,,,,,,,,,,,,,,,,
sambuco,sureau,,,,,,,,,,,,,,,,,,,,,,,,
sapido,savoreux,,,,,,,,,,,,,,,,,,,,,,,,
sciroppo,sirop,,,,,,,,,,,,,,,,,,,,,,,,
scorza di agrumi,écorce des agrumes,,,,,,,,,,,,,,,,,,,,,,,,
scorza di melangola,écorce de bigarade,,,,,,,,,,,,,,,,,,,,,,,,
semi di finocchio,graines de fenouil,,,,,,,,,,,,,,,,,,,,,,,,
sgocciolatura,égoutture,,,,,,,,,,,,,,,,,,,,,,,,
spezia,épice,,,,,,,,,,,,,,,,,,,,,,,,
steccha di cannella,batôn de cannelle,,,,,,,,,,,,,,,,,,,,,,,,
succo,jus,,,,,,,,,,,,,,,,,,,,,,,,
timo,thym,,,,,,,,,,,,,,,,,,,,,,,,
titolo alcolometrico,teneur en alcool,,,,,,,,,,,,,,,,,,,,,,,,
Traminer aromatico,Traminer aromatique,,,,,,,,,,,,,,,,,,,,,,,,
tuorlo d'uovo,jaune d'oeuf,,,,,,,,,,,,,,,,,,,,,,,,
uva aromatica,raisin aromatique,,,,,,,,,,,,,,,,,,,,,,,,
uva barbera,raisin barbera,,,,,,,,,,,,,,,,,,,,,,,,
vin brulé,vin chaud,,,,,,,,,,,,,,,,,,,,,,,,
vino mielato,vin mielé,,,,,,,,,,,,,,,,,,,,,,,,
Vino Naranja del Condado de Huelva,raisin naranja du condado de huelva,,,,,,,,,,,,,,,,,,,,,,,,
vino neutro,vin neutre,,,,,,,,,,,,,,,,,,,,,,,,
vino resinato,vin résiné,,,,,,,,,,,,,,,,,,,,,,,,
vitigno aromatico,cépage aromatique,,,,,,,,,,,,,,,,,,,,,,,,
zenzero,gingembre,,,,,,,,,,,,,,,,,,,,,,,,
zucchero raffinato,sucre raffiné,,,,,,,,,,,,,,,,,,,,,,,,
aromatizzare,aromatiser,,,,,,,,,,,,,,,,,,,,,,,,
vitigno autoctono,cépage autochtone,,,,,,,,,,,,,,,,,,,,,,,,
vitigno autoctono Avanà,cépage autochtone Avanà,,,,,,,,,,,,,,,,,,,,,,,,
Vino spumante rosso aromatico,vin mousseux rouge aromatisé,,,,,,,,,,,,,,,,,,,,,,,,
Collo di cigno,col de cygne,,,,,,,,,,,,,,,,,,,,,,,,
Coperchio,chapiteau,,,,,,,,,,,,,,,,,,,,,,,,
caldaia,chaudière,,,,,,,,,,,,,,,,,,,,,,,,
bagnomaria,bain-marie,,,,,,,,,,,,,,,,,,,,,,,,
Disalcolazione,désalcoolisation,,,,,,,,,,,,,,,,,,,,,,,,
Metanolo,méthanol,,,,,,,,,,,,,,,,,,,,,,,,
Ebollizione,ébullition,,,,,,,,,,,,,,,,,,,,,,,,
Vergine,vierge(s),,,,,,,,,,,,,,,,,,,,,,,,
Testa,tête,,,,,,,,,,,,,,,,,,,,,,,,
Coda,queue,,,,,,,,,,,,,,,,,,,,,,,,
Cuore,coeur,,,,,,,,,,,,,,,,,,,,,,,,
Riduzione,réduction,,,,,,,,,,,,,,,,,,,,,,,,
Processo di rettificazione,rectification,,,,,,,,,,,,,,,,,,,,,,,,
"precamera di
raffreddamento","récipient de
 refroidissement",,,,,,,,,,,,,,,,,,,,,,,,
Ciclo continuo,distillation continue,,,,,,,,,,,,,,,,,,,,,,,,
ciclo discontinuo,distillation discontinue,,,,,,,,,,,,,,,,,,,,,,,,
"componenti
volatili",Composés volatils,,,,,,,,,,,,,,,,,,,,,,,,
Angels’share,part des anges,,,,,,,,,,,,,,,,,,,,,,,,
vinacce non fermentate,marc de raisin non fermentés,,,,,,,,,,,,,,,,,,,,,,,,
vinacce fermentate,marc de raisin fermentés,,,,,,,,,,,,,,,,,,,,,,,,
mastro distillatore,maître distillateur,,,,,,,,,,,,,,,,,,,,,,,,
distillazione in corrente di vapore,Entraînement à la vapeur,,,,,,,,,,,,,,,,,,,,,,,,
Serpentina di raffreddamento,Serpentin (de refroidissement),,,,,,,,,,,,,,,,,,,,,,,,
spiritoso,spiritueux,,,,,,,,,,,,,,,,,,,,,,,,
volume,volume,,,,,,,,,,,,,,,,,,,,,,,,
Edulcorante,édulcorant,,,,,,,,,,,,,,,,,,,,,,,,
"Acqua
demineralizzata",Eau distillée,,,,,,,,,,,,,,,,,,,,,,,,
denominazione legale,dénominations légales,,,,,,,,,,,,,,,,,,,,,,,,
indicazioni geografiche tipiche,Indication géographique protégée,,,,,,,,,,,,,,,,,,,,,,,,
acquavite di vinaccia,eau-de-vie demarc de raisin,,,,,,,,,,,,,,,,,,,,,,,,
flemma,flegme,,,,,,,,,,,,,,,,,,,,,,,,
buccia,peau,,,,,,,,,,,,,,,,,,,,,,,,
Lambrusco (famiglia di vitigni),lambrusco,,,,,,,,,,,,,,,,,,,,,,,,
calice a tulipano,verre tulipe,,,,,,,,,,,,,,,,,,,,,,,,
Aroma fruttato,arôme fruité,,,,,,,,,,,,,,,,,,,,,,,,
Aroma vegetale,arôme  d'herbes/d'épices,,,,,,,,,,,,,,,,,,,,,,,,
grappa giovane,grappa jeune; grappa blanche,,,,,,,,,,,,,,,,,,,,,,,,
grappa aromatica,grappa de cépages aromatiques,,,,,,,,,,,,,,,,,,,,,,,,
grappa aromatizzata,grappa parfumée,,,,,,,,,,,,,,,,,,,,,,,,
grappa monovitigno,grappa mono-cépage,,,,,,,,,,,,,,,,,,,,,,,,
Grappa polivitigno,grappa d'assemblage,,,,,,,,,,,,,,,,,,,,,,,,
Grappa affinata,grappa affinata,,,,,,,,,,,,,,,,,,,,,,,,
vinacciolo,pépin,,,,,,,,,,,,,,,,,,,,,,,,
Grappa Stravecchia,"grappa très affinée
",,,,,,,,,,,,,,,,,,,,,,,,
etichettatura,étiquetage,,,,,,,,,,,,,,,,,,,,,,,,
filtrazione,filtration,,,,,,,,,,,,,,,,,,,,,,,,
imbottigliamento,embouteillage,,,,,,,,,,,,,,,,,,,,,,,,
invecchiamento,élévage,,,,,,,,,,,,,,,,,,,,,,,,
Lambrusco,Lambrusco,,,,,,,,,,,,,,,,,,,,,,,,
affinamento in botte,élevage en fût,,,,,,,,,,,,,,,,,,,,,,,,
agrume,agrume,,,,,,,,,,,,,,,,,,,,,,,,
alcol denaturato,alcool dénaturé,,,,,,,,,,,,,,,,,,,,,,,,
alcol di grano,alcool de grain,,,,,,,,,,,,,,,,,,,,,,,,
alcol neutro,alcool neutre,,,,,,,,,,,,,,,,,,,,,,,,
anice stellato,badianier de Chine,,,,,,,,,,,,,,,,,,,,,,,,
aroma di frutta,arôme fruité,,,,,,,,,,,,,,,,,,,,,,,,
aroma secondario,arôme secondaire,,,,,,,,,,,,,,,,,,,,,,,,
aromatizzato,aromatisé,,,,,,,,,,,,,,,,,,,,,,,,
aromatizzazione,aromatisation,,,,,,,,,,,,,,,,,,,,,,,,
artemisia,armoise,,,,,,,,,,,,,,,,,,,,,,,,
Assenzio maggiore,grande absinthe,,,,,,,,,,,,,,,,,,,,,,,,
bacca di ginepro,baie de genièvre,,,,,,,,,,,,,,,,,,,,,,,,
barbabietola,betterave,,,,,,,,,,,,,,,,,,,,,,,,
barbabietola da zucchero,betterave sucrière,,,,,,,,,,,,,,,,,,,,,,,,
Barbera chinata,Barbera chinata,,,,,,,,,,,,,,,,,,,,,,,,
Barolo chinato,Barolo chinato,,,,,,,,,,,,,,,,,,,,,,,,
base alcolica,base d'alcool,,,,,,,,,,,,,,,,,,,,,,,,
base aromatica,base aromatique,,,,,,,,,,,,,,,,,,,,,,,,
base di uve,base de raisins,,,,,,,,,,,,,,,,,,,,,,,,
base di vino,base de vin,,,,,,,,,,,,,,,,,,,,,,,,
camomilla,camomille,,,,,,,,,,,,,,,,,,,,,,,,
caramello,caramel,,,,,,,,,,,,,,,,,,,,,,,,
cardamomo,cardamome,,,,,,,,,,,,,,,,,,,,,,,,
china calisaia,quinquina calisaya,,,,,,,,,,,,,,,,,,,,,,,,
colore granato,robe grenat,,,,,,,,,,,,,,,,,,,,,,,,
componente aromatica,composante aromatique,,,,,,,,,,,,,,,,,,,,,,,,
coriandolo,coriandre,,,,,,,,,,,,,,,,,,,,,,,,
corteccia di China calisaia,écorce de quinquina,,,,,,,,,,,,,,,,,,,,,,,,
decozione,décoction,,,,,,,,,,,,,,,,,,,,,,,,
erba officinale,herbe offcinale,,,,,,,,,,,,,,,,,,,,,,,,
finocchio,fenouil,,,,,,,,,,,,,,,,,,,,,,,,
fiore di anice stellato,badiane chinoise,,,,,,,,,,,,,,,,,,,,,,,,
fragranza agrumata,bouquet fruité,,,,,,,,,,,,,,,,,,,,,,,,
frutta esotica,fruits exotiques,,,,,,,,,,,,,,,,,,,,,,,,
frutta secca,fruits secs,,,,,,,,,,,,,,,,,,,,,,,,
genziana,gentiane,,,,,,,,,,,,,,,,,,,,,,,,
radice di genziana,racine de gentiane,,,,,,,,,,,,,,,,,,,,,,,,
Glühwein,vin chaud,,,,,,,,,,,,,,,,,,,,,,,,
grado zuccherino,taux de sucre,,,,,,,,,,,,,,,,,,,,,,,,
infusione alcolica,infusion alcoolique,,,,,,,,,,,,,,,,,,,,,,,,
infuso di erbe,infusion d'herbes,,,,,,,,,,,,,,,,,,,,,,,,
lavanda,lavande,,,,,,,,,,,,,,,,,,,,,,,,
lentischio,arbre à mastic,,,,,,,,,,,,,,,,,,,,,,,,
macerazione diretta,macération directe,,,,,,,,,,,,,,,,,,,,,,,,
melangola,bigarade,,,,,,,,,,,,,,,,,,,,,,,,
melissa,mélisse,,,,,,,,,,,,,,,,,,,,,,,,
melograno,grenadier,,,,,,,,,,,,,,,,,,,,,,,,
mirra,myrrhe,,,,,,,,,,,,,,,,,,,,,,,,
mirto,myrte,,,,,,,,,,,,,,,,,,,,,,,,
miscela di erbe,mélange d'herbes,,,,,,,,,,,,,,,,,,,,,,,,
mistella bianca,mistelle blanche,,,,,,,,,,,,,,,,,,,,,,,,
mistella rossa,mistelle rouge,,,,,,,,,,,,,,,,,,,,,,,,
categoria di prodotto vitivinicolo,catégorie de produit vitivinicole,,,,,,,,,,,,,,,,,,,,,,,,
acidificazione,acidification,,,,,,,,,,,,,,,,,,,,,,,,
analisi complementare carbonica,dosage du gaz carbonique,,,,,,,,,,,,,,,,,,,,,,,,
annata,millésime,,,,,,,,,,,,,,,,,,,,,,,,
bevanda spiritosa,boisson spiritueuse,,,,,,,,,,,,,,,,,,,,,,,,
Cabernet,Cabernet,,,,,,,,,,,,,,,,,,,,,,,,
Cagnina,Cagnina,,,,,,,,,,,,,,,,,,,,,,,,
commissione di degustazione,commission de dégustation,,,,,,,,,,,,,,,,,,,,,,,,
conformità classificata,conformité  classifiée,,,,,,,,,,,,,,,,,,,,,,,,
consorzio di tutela,consortium de tutelle,,,,,,,,,,,,,,,,,,,,,,,,
controetichetta,contre-étiquette,,,,,,,,,,,,,,,,,,,,,,,,
denominazione,appellation,,,,,,,,,,,,,,,,,,,,,,,,
disacidificazione,désacidification,,,,,,,,,,,,,,,,,,,,,,,,
ditta imbottigliatrice,entreprise d'embouteillage,,,,,,,,,,,,,,,,,,,,,,,,
denominazione di origine,appellation d'origine,,,,,,,,,,,,,,,,,,,,,,,,
denominazione di origine controllata,appellation d'origine contrôlée,,,,,,,,,,,,,,,,,,,,,,,,
denominazione di origine controllata e garantita,appellation d'origine contrôlée et garantie,,,,,,,,,,,,,,,,,,,,,,,,
denominazione di origine protetta,appellation d'origine protégée,,,,,,,,,,,,,,,,,,,,,,,,
dosaggio,dosage,,,,,,,,,,,,,,,,,,,,,,,,
estratto secco,extrait sec,,,,,,,,,,,,,,,,,,,,,,,,
etichetta,étiquette,,,,,,,,,,,,,,,,,,,,,,,,
fatturato agricolo,chiffre d'affaires agricole,,,,,,,,,,,,,,,,,,,,,,,,
fermentazione in autoclave,fermentation en cuve close,,,,,,,,,,,,,,,,,,,,,,,,
gradazione,degré alcoolique,,,,,,,,,,,,,,,,,,,,,,,,
grado alcolico minimo,degré alcoolique minimum,,,,,,,,,,,,,,,,,,,,,,,,
indicazione geografica,indication géographique,,,,,,,,,,,,,,,,,,,,,,,,
indicazione geografica protetta,indication géographique protégée,,,,,,,,,,,,,,,,,,,,,,,,
indicazione geografica tipica,vin de pays,,,,,,,,,,,,,,,,,,,,,,,,
marchio commerciale,marque commerciale,,,,,,,,,,,,,,,,,,,,,,,,
menzione novello,mention novello,,,,,,,,,,,,,,,,,,,,,,,,
menzione riserva,mention réserve,,,,,,,,,,,,,,,,,,,,,,,,
mosto concentrato,moût concentré,,,,,,,,,,,,,,,,,,,,,,,,
produzione vitivinicola,production vitivinicole,,,,,,,,,,,,,,,,,,,,,,,,
rifermentazione naturale,remise en fermentation naturelle,,,,,,,,,,,,,,,,,,,,,,,,
scelta produttiva,décision en matière de production,,,,,,,,,,,,,,,,,,,,,,,,
schedario viticolo,cadastre viticole,,,,,,,,,,,,,,,,,,,,,,,,
sottozona,sous-zone,,,,,,,,,,,,,,,,,,,,,,,,
titolo alcolometrico volumico,titre alcoométrique volumique,,,,,,,,,,,,,,,,,,,,,,,,
titolo alcolometrico volumico naturale,titre alcoométique volumique naturel,,,,,,,,,,,,,,,,,,,,,,,,
vino da tavola,vin de france,,,,,,,,,,,,,,,,,,,,,,,,
vino bianco,vin blanc,,,,,,,,,,,,,,,,,,,,,,,,
vino di qualità,vin de qualité,,,,,,,,,,,,,,,,,,,,,,,,
vino profumato,vin aromatisé,,,,,,,,,,,,,,,,,,,,,,,,
vino spumante,vin mousseux,,,,,,,,,,,,,,,,,,,,,,,,
vino di qualità prodotto in regioni determinate,vin de qualité produit dans une région déterminée,,,,,,,,,,,,,,,,,,,,,,,,
zona di origine,zone d'origine,,,,,,,,,,,,,,,,,,,,,,,,
vino effervescente,vin effervescent,,,,,,,,,,,,,,,,,,,,,,,,
acescenza,acescence,,,,,,,,,,,,,,,,,,,,,,,,
alterazione,altération,,,,,,,,,,,,,,,,,,,,,,,,
amarezza,amertume,,,,,,,,,,,,,,,,,,,,,,,,
anione,anion,,,,,,,,,,,,,,,,,,,,,,,,
armonia,vin harmonieux,,,,,,,,,,,,,,,,,,,,,,,,
aroma di bocca,arôme de bouche,,,,,,,,,,,,,,,,,,,,,,,,
arrotondare,assouplir,,,,,,,,,,,,,,,,,,,,,,,,
attenuare,atténuer,,,,,,,,,,,,,,,,,,,,,,,,
avvinare,mise en bouche,,,,,,,,,,,,,,,,,,,,,,,,
causticità,sensation de chaleur,,,,,,,,,,,,,,,,,,,,,,,,
cavità orale,cavité buccale,,,,,,,,,,,,,,,,,,,,,,,,
corpo,corps,,,,,,,,,,,,,,,,,,,,,,,,
durezza,vin dur,,,,,,,,,,,,,,,,,,,,,,,,
equilibrio,équilibre,,,,,,,,,,,,,,,,,,,,,,,,
espirazione,expiration,,,,,,,,,,,,,,,,,,,,,,,,
finale,finale,,,,,,,,,,,,,,,,,,,,,,,,
gusto di tappo,goût de bouchon,,,,,,,,,,,,,,,,,,,,,,,,
impatto,attaque,,,,,,,,,,,,,,,,,,,,,,,,
inspirazione,aspiration,,,,,,,,,,,,,,,,,,,,,,,,
liscivia,goût de lessive,,,,,,,,,,,,,,,,,,,,,,,,
macrosensazione,sensation gustative primaire,,,,,,,,,,,,,,,,,,,,,,,,
microsensazione,sensation gustative secondaire,,,,,,,,,,,,,,,,,,,,,,,,
mineralità,minéralité,,,,,,,,,,,,,,,,,,,,,,,,
mucina,mucine,,,,,,,,,,,,,,,,,,,,,,,,
mucosa orale,muqueuse buccale,,,,,,,,,,,,,,,,,,,,,,,,
ossatura,ossature,,,,,,,,,,,,,,,,,,,,,,,,
Persistenza Aromatica Intensa,Persistance Aromatique Intense,,,,,,,,,,,,,,,,,,,,,,,,
palato,palais,,,,,,,,,,,,,,,,,,,,,,,,
palleggiamento,remuer,,,,,,,,,,,,,,,,,,,,,,,,
papilla fungiforme,papille fongiforme,,,,,,,,,,,,,,,,,,,,,,,,
papilla gustativa,papille gustative,,,,,,,,,,,,,,,,,,,,,,,,
permanenza,persistance,,,,,,,,,,,,,,,,,,,,,,,,
pizzicore,picotement,,,,,,,,,,,,,,,,,,,,,,,,
pungenza,piquer,,,,,,,,,,,,,,,,,,,,,,,,
retrobocca,arrière-bouche,,,,,,,,,,,,,,,,,,,,,,,,
rotondità,rondeur,,,,,,,,,,,,,,,,,,,,,,,,
rugosità,rugosité,,,,,,,,,,,,,,,,,,,,,,,,
salinità,salinité,,,,,,,,,,,,,,,,,,,,,,,,
sapore,saveur,,,,,,,,,,,,,,,,,,,,,,,,
secchezza,sécheresse,,,,,,,,,,,,,,,,,,,,,,,,
secrezione salivare,production salivaire,,,,,,,,,,,,,,,,,,,,,,,,
sensazione retronasale,rétro-olfaction,,,,,,,,,,,,,,,,,,,,,,,,
sensazione saporifera,sensation gustative,,,,,,,,,,,,,,,,,,,,,,,,
sensazione tattile,sensation tactile,,,,,,,,,,,,,,,,,,,,,,,,
sensazione termica,sensation thermique,,,,,,,,,,,,,,,,,,,,,,,,
smussare,diminuer,,,,,,,,,,,,,,,,,,,,,,,,
sostanza estrattiva,extrait sec,,,,,,,,,,,,,,,,,,,,,,,,
sprigionare,dégager,,,,,,,,,,,,,,,,,,,,,,,,
struttura,structure,,,,,,,,,,,,,,,,,,,,,,,,
surcollaggio,surcollage,,,,,,,,,,,,,,,,,,,,,,,,
Vino Spumante di Qualità Aromatico,Vin Mousseux de Qualité de type aromatique,,,,,,,,,,,,,,,,,,,,,,,,
assaggiare,goûter,,,,,,,,,,,,,,,,,,,,,,,,
assortimento,assortiment,,,,,,,,,,,,,,,,,,,,,,,,
barricaia,chai à barriques,,,,,,,,,,,,,,,,,,,,,,,,
beverage,secteur des boissons,,,,,,,,,,,,,,,,,,,,,,,,
carta dei vini,carte des vins,,,,,,,,,,,,,,,,,,,,,,,,
commensale,convive,,,,,,,,,,,,,,,,,,,,,,,,
controllo della temperatura,contrôle de la température,,,,,,,,,,,,,,,,,,,,,,,,
degustazione,dégustation,,,,,,,,,,,,,,,,,,,,,,,,
difetto di tappo,défaut de bouchon,,,,,,,,,,,,,,,,,,,,,,,,
galateo,bienséance,,,,,,,,,,,,,,,,,,,,,,,,
intenditore,connaisseur,,,,,,,,,,,,,,,,,,,,,,,,
inventario,inventaire,,,,,,,,,,,,,,,,,,,,,,,,
maître,maître,,,,,,,,,,,,,,,,,,,,,,,,
mescere,verser,,,,,,,,,,,,,,,,,,,,,,,,
mescitore,NA,,,,,,,,,,,,,,,,,,,,,,,,
ONAV,ONAV,,,,,,,,,,,,,,,,,,,,,,,,
percorso enogastronomico,parcours oenotouristique,,,,,,,,,,,,,,,,,,,,,,,,
percorso sensoriale,parcours sensoriel,,,,,,,,,,,,,,,,,,,,,,,,
rifornire,approvisionner,,,,,,,,,,,,,,,,,,,,,,,,
servizio,service,,,,,,,,,,,,,,,,,,,,,,,,
sommellerie,sommellerie,,,,,,,,,,,,,,,,,,,,,,,,
stock,stock,,,,,,,,,,,,,,,,,,,,,,,,
vinoterapia,vinothérapie,,,,,,,,,,,,,,,,,,,,,,,,
stoccaggio,stockage,,,,,,,,,,,,,,,,,,,,,,,,
abbinamento,accord,,,,,,,,,,,,,,,,,,,,,,,,
uva boal,cépage bual,,,,,,,,,,,,,,,,,,,,,,,,
uva palomino,cépage palomino,,,,,,,,,,,,,,,,,,,,,,,,
uva passa,raisin sec,,,,,,,,,,,,,,,,,,,,,,,,
varietà di lieviti,variété de levures,,,,,,,,,,,,,,,,,,,,,,,,
velo batterico,voile bactérien,,,,,,,,,,,,,,,,,,,,,,,,
Verdello,Verdello,,,,,,,,,,,,,,,,,,,,,,,,
Verdello,Verdello,,,,,,,,,,,,,,,,,,,,,,,,
Verdelho,Verdelho,,,,,,,,,,,,,,,,,,,,,,,,
Verdelho,Verdelho,,,,,,,,,,,,,,,,,,,,,,,,
versione dolce,version douce,,,,,,,,,,,,,,,,,,,,,,,,
versione liquorosa,version liquoreuse,,,,,,,,,,,,,,,,,,,,,,,,
versione secca,version sèche,,,,,,,,,,,,,,,,,,,,,,,,
vino fortificato,vin fortifié,,,,,,,,,,,,,,,,,,,,,,,,
vino liquoroso ambrato,vin liquoreux ambré,,,,,,,,,,,,,,,,,,,,,,,,
vino liquoroso corposo,vin liquoreux structuré,,,,,,,,,,,,,,,,,,,,,,,,
vino liquoroso dolce,vin liquoreux doux,,,,,,,,,,,,,,,,,,,,,,,,
vino liquoroso intenso,vin liquoreux intense,,,,,,,,,,,,,,,,,,,,,,,,
vino liquoroso millesimato,vin liquoreux millésimé,,,,,,,,,,,,,,,,,,,,,,,,
vino liquoroso profondo,vin liquoreux profond,,,,,,,,,,,,,,,,,,,,,,,,
vino liquoroso secco,vin liquoreux sec,,,,,,,,,,,,,,,,,,,,,,,,
vino rosso dolce,vin rouge doux,,,,,,,,,,,,,,,,,,,,,,,,
vino rosso liquoroso,vin rouge liquoreux,,,,,,,,,,,,,,,,,,,,,,,,
vino speciale,vin spécial,,,,,,,,,,,,,,,,,,,,,,,,
vitigno catarratto,cépage Catarratto,,,,,,,,,,,,,,,,,,,,,,,,
vitigno Ansonica,cépage Ansonica,,,,,,,,,,,,,,,,,,,,,,,,
Pedro Ximénez,Pedro Ximénez,,,,,,,,,,,,,,,,,,,,,,,,
Pedro Ximénez Murillo,Pedro Ximénez Murillo,,,,,,,,,,,,,,,,,,,,,,,,
zucchero residuo,sucre résiduel,,,,,,,,,,,,,,,,,,,,,,,,
tenore zuccherino,teneur en sucre,,,,,,,,,,,,,,,,,,,,,,,,
vino liquoroso,vin liquoreux,,,,,,,,,,,,,,,,,,,,,,,,
pastorizzazione,pasteurisation,,,,,,,,,,,,,,,,,,,,,,,,
bollicina di anidride carbonica,bulle de gaz carbonique,,,,,,,,,,,,,,,,,,,,,,,,
buccia di cipolla,pelure d'oignon,,,,,,,,,,,,,,,,,,,,,,,,
colore,couleur,,,,,,,,,,,,,,,,,,,,,,,,
effetto Marangoni,effet Marangoni,,,,,,,,,,,,,,,,,,,,,,,,
giallo amaranto,jaune d'or cuivré,,,,,,,,,,,,,,,,,,,,,,,,
giallo ambrato,jaune ambré,,,,,,,,,,,,,,,,,,,,,,,,
giallo arancio,jaune orangé,,,,,,,,,,,,,,,,,,,,,,,,
giallo canarino,jaune canari,,,,,,,,,,,,,,,,,,,,,,,,
giallo dorato,jaune doré,,,,,,,,,,,,,,,,,,,,,,,,
giallo tenue,jaune pâle,,,,,,,,,,,,,,,,,,,,,,,,
giallo verdolino,jaune vert,,,,,,,,,,,,,,,,,,,,,,,,
grana del perlage,taille des bulles,,,,,,,,,,,,,,,,,,,,,,,,
limpidezza,limpidité,,,,,,,,,,,,,,,,,,,,,,,,
residuo in sospensione,dépôt en suspension,,,,,,,,,,,,,,,,,,,,,,,,
riflesso,reflet,,,,,,,,,,,,,,,,,,,,,,,,
rosa cerasuolo,rose cerise,,,,,,,,,,,,,,,,,,,,,,,,
rosa chiaretto,rose foncé,,,,,,,,,,,,,,,,,,,,,,,,
rosa tenue,rose pâle,,,,,,,,,,,,,,,,,,,,,,,,
rosso aranciato,rouge tuilé,,,,,,,,,,,,,,,,,,,,,,,,
rosso granato,rouge grenat,,,,,,,,,,,,,,,,,,,,,,,,
rosso porpora,rouge pourpre,,,,,,,,,,,,,,,,,,,,,,,,
rosso rubino,rouge rubis,,,,,,,,,,,,,,,,,,,,,,,,
sfumatura cromatica,nuance,,,,,,,,,,,,,,,,,,,,,,,,
stato ossidativo,état oxydatif,,,,,,,,,,,,,,,,,,,,,,,,
trasparenza,transparence,,,,,,,,,,,,,,,,,,,,,,,,
vino brillante,vin brillant,,,,,,,,,,,,,,,,,,,,,,,,
vino cristallino,vin cristallin,,,,,,,,,,,,,,,,,,,,,,,,
vino impenetrabile,vin opaque,,,,,,,,,,,,,,,,,,,,,,,,
vino rosato,vin rosé,,,,,,,,,,,,,,,,,,,,,,,,
vino scorrevole,vin fluide,,,,,,,,,,,,,,,,,,,,,,,,
vino torbido,vin trouble,,,,,,,,,,,,,,,,,,,,,,,,
vino velato,vin voilé,,,,,,,,,,,,,,,,,,,,,,,,
viscosità,viscosité,,,,,,,,,,,,,,,,,,,,,,,,
vivacità del colore,vivacité de la couleur,,,,,,,,,,,,,,,,,,,,,,,,
densità,densité,,,,,,,,,,,,,,,,,,,,,,,,
ossidazione,oxydation,,,,,,,,,,,,,,,,,,,,,,,,
perlage,cordon de bulles,,,,,,,,,,,,,,,,,,,,,,,,
spuma,mousse,,,,,,,,,,,,,,,,,,,,,,,,
giallo paglierino,jaune paille,,,,,,,,,,,,,,,,,,,,,,,,
consistenza,consistance,,,,,,,,,,,,,,,,,,,,,,,,
inclinare,incliner,,,,,,,,,,,,,,,,,,,,,,,,
polifenolo,polyphénol,,,,,,,,,,,,,,,,,,,,,,,,
esame visivo,examen visuel,,,,,,,,,,,,,,,,,,,,,,,,
vino spigoloso,vin anguleux,,,,,,,,,,,,,,,,,,,,,,,,
vino suadente,vin séduisant,,,,,,,,,,,,,,,,,,,,,,,,
vino vellutato,vin velouté,,,,,,,,,,,,,,,,,,,,,,,,
vivacità,vivacité,,,,,,,,,,,,,,,,,,,,,,,,
volta palatina,voûte du palais,,,,,,,,,,,,,,,,,,,,,,,,
morbidezza,souplesse,,,,,,,,,,,,,,,,,,,,,,,,
sapidità,sapidité,,,,,,,,,,,,,,,,,,,,,,,,
Chatus,Chatus,,,,,,,,,,,,,,,,,,,,,,,,
vino spumante gassificato,vin mousseux gazéifié,,,,,,,,,,,,,,,,,,,,,,,,
acrotonia,acrotonie,,,,,,,,,,,,,,,,,,,,,,,,
alberata,Hautain,,,,,,,,,,,,,,,,,,,,,,,,
Bellussera,Bellussera,,,,,,,,,,,,,,,,,,,,,,,,
capo a frutto,branche à fruit,,,,,,,,,,,,,,,,,,,,,,,,
carica di gemme,charge en bourgeon,,,,,,,,,,,,,,,,,,,,,,,,
Casarsa,Casarsa,,,,,,,,,,,,,,,,,,,,,,,,
cordone libero,cordon libre,,,,,,,,,,,,,,,,,,,,,,,,
Cortina semplice,Rideau simple,,,,,,,,,,,,,,,,,,,,,,,,
curvatura,courbure,,,,,,,,,,,,,,,,,,,,,,,,
densità di impianto,dénsité de plantation,,,,,,,,,,,,,,,,,,,,,,,,
Doppio Guyot,Guyot double,,,,,,,,,,,,,,,,,,,,,,,,
fertilità basale,fertilité basale,,,,,,,,,,,,,,,,,,,,,,,,
GDC,GDC,,,,,,,,,,,,,,,,,,,,,,,,
interfilare,inter-rang,,,,,,,,,,,,,,,,,,,,,,,,
impianto,plantation,,,,,,,,,,,,,,,,,,,,,,,,
Pergola Doppia,double Pergola,,,,,,,,,,,,,,,,,,,,,,,,
Pergola trentina,Pergola trentina,,,,,,,,,,,,,,,,,,,,,,,,
Pergola veronese,Pergola veronese,,,,,,,,,,,,,,,,,,,,,,,,
portainnesto,porte-greffe,,,,,,,,,,,,,,,,,,,,,,,,
potatura corta,taille courte,,,,,,,,,,,,,,,,,,,,,,,,
potatura lunga,taille longue,,,,,,,,,,,,,,,,,,,,,,,,
potatura mista,taille mixte,,,,,,,,,,,,,,,,,,,,,,,,
potatura secca,taille en sec,,,,,,,,,,,,,,,,,,,,,,,,
scacchiatura,ébourgeonnage,,,,,,,,,,,,,,,,,,,,,,,,
tutore,tuteur,,,,,,,,,,,,,,,,,,,,,,,,
vite maritata,vigne mariée/ hautain,,,,,,,,,,,,,,,,,,,,,,,,
alberello,Gobelet/alberello,,,,,,,,,,,,,,,,,,,,,,,,
barbatella,bouture,,,,,,,,,,,,,,,,,,,,,,,,
Cordone speronato,cordon de Royat,,,,,,,,,,,,,,,,,,,,,,,,
Guyot,Guyot,,,,,,,,,,,,,,,,,,,,,,,,
Guyot capovolto,Guyot Poussard,,,,,,,,,,,,,,,,,,,,,,,,
Spalliera,Espalier,,,,,,,,,,,,,,,,,,,,,,,,
Sylvoz,Sylvoz,,,,,,,,,,,,,,,,,,,,,,,,
tendone,tendone,,,,,,,,,,,,,,,,,,,,,,,,
Pergola,Pergola,,,,,,,,,,,,,,,,,,,,,,,,
vigoria,vigueur,,,,,,,,,,,,,,,,,,,,,,,,
forma di allevamento,Forme de conduite,,,,,,,,,,,,,,,,,,,,,,,,
palizzamento,palissage,,,,,,,,,,,,,,,,,,,,,,,,
vino amabile,vin moelleux,,,,,,,,,,,,,,,,,,,,,,,,
vino armonico,vin harmonieux,,,,,,,,,,,,,,,,,,,,,,,,
vino concentrato,vin concentré,,,,,,,,,,,,,,,,,,,,,,,,
vino debole,vin faible,,,,,,,,,,,,,,,,,,,,,,,,
vino disarmonico,vin déséquilibré,,,,,,,,,,,,,,,,,,,,,,,,
vino evanescente,vin effervescent,,,,,,,,,,,,,,,,,,,,,,,,
vino fine,vin fin,,,,,,,,,,,,,,,,,,,,,,,,
vino giovane,vin jeune,,,,,,,,,,,,,,,,,,,,,,,,
vino magro,vin maigre,,,,,,,,,,,,,,,,,,,,,,,,
vino maturo,vin mûr,,,,,,,,,,,,,,,,,,,,,,,,
vino pastoso,vin pâteux,,,,,,,,,,,,,,,,,,,,,,,,
vino robusto,vin étoffé,,,,,,,,,,,,,,,,,,,,,,,,
vino scipito,vin fade,,,,,,,,,,,,,,,,,,,,,,,,
vino spumante,vin mousseux,,,,,,,,,,,,,,,,,,,,,,,,
accrescimento (vegetativo),croissance végétative,,,,,,,,,,,,,,,,,,,,,,,,
acido,acide,,,,,,,,,,,,,,,,,,,,,,,,
acido abscissico,acide abscissique,,,,,,,,,,,,,,,,,,,,,,,,
agostamento,aoûtement,,,,,,,,,,,,,,,,,,,,,,,,
allegagione,nouaison,,,,,,,,,,,,,,,,,,,,,,,,
attività fotosintetica,activité photosynthétique,,,,,,,,,,,,,,,,,,,,,,,,
caduta delle foglie,chute des feuilles,,,,,,,,,,,,,,,,,,,,,,,,
colatura,coulure,,,,,,,,,,,,,,,,,,,,,,,,
dormienza,dormance,,,,,,,,,,,,,,,,,,,,,,,,
fase,phase,,,,,,,,,,,,,,,,,,,,,,,,
fase fenologica,stade phénologique,,,,,,,,,,,,,,,,,,,,,,,,
fecondazione,fécondation,,,,,,,,,,,,,,,,,,,,,,,,
femminella,pousse anticipée,,,,,,,,,,,,,,,,,,,,,,,,
fenomeno,phénomène,,,,,,,,,,,,,,,,,,,,,,,,
fiore,fleur,,,,,,,,,,,,,,,,,,,,,,,,
fioritura,floraison,,,,,,,,,,,,,,,,,,,,,,,,
foglia,feuille,,,,,,,,,,,,,,,,,,,,,,,,
formazione,formation,,,,,,,,,,,,,,,,,,,,,,,,
frutto,fruit,,,,,,,,,,,,,,,,,,,,,,,,
fruttosio,fructose,,,,,,,,,,,,,,,,,,,,,,,,
germogliare,débourrer,,,,,,,,,,,,,,,,,,,,,,,,
germoglio,pousse,,,,,,,,,,,,,,,,,,,,,,,,
glucosio,glucose,,,,,,,,,,,,,,,,,,,,,,,,
impollinazione,pollinisation,,,,,,,,,,,,,,,,,,,,,,,,
lignificazione,lignification,,,,,,,,,,,,,,,,,,,,,,,,
periodo,période,,,,,,,,,,,,,,,,,,,,,,,,
pianta,plante,,,,,,,,,,,,,,,,,,,,,,,,
pianto,pleur,,,,,,,,,,,,,,,,,,,,,,,,
polline,pollen,,,,,,,,,,,,,,,,,,,,,,,,
ripresa vegetativa,reprise de la végétation,,,,,,,,,,,,,,,,,,,,,,,,
seme,graine,,,,,,,,,,,,,,,,,,,,,,,,
sottociclo riproduttivo,cycle reproducteur,,,,,,,,,,,,,,,,,,,,,,,,
sottociclo vegetativo,cycle végétatif,,,,,,,,,,,,,,,,,,,,,,,,
sviluppo,développement,,,,,,,,,,,,,,,,,,,,,,,,
taglio di potatura,plaie de taille,,,,,,,,,,,,,,,,,,,,,,,,
temperatura,température,,,,,,,,,,,,,,,,,,,,,,,,
gemma ibernante,bourgeon dormant,,,,,,,,,,,,,,,,,,,,,,,,
ciclo,cycle,,,,,,,,,,,,,,,,,,,,,,,,
viraggio (del colore),changement de couleur,,,,,,,,,,,,,,,,,,,,,,,,
vite,vigne,,,,,,,,,,,,,,,,,,,,,,,,
gemma,bourgeon,,,,,,,,,,,,,,,,,,,,,,,,
acino,grain,,,,,,,,,,,,,,,,,,,,,,,,
maturazione,maturation,,,,,,,,,,,,,,,,,,,,,,,,
germogliamento,débourrement,,,,,,,,,,,,,,,,,,,,,,,,
grappolo,grappe,,,,,,,,,,,,,,,,,,,,,,,,
invaiatura,véraison,,,,,,,,,,,,,,,,,,,,,,,,
zucchero,sucre,,,,,,,,,,,,,,,,,,,,,,,,
uva,raisin,,,,,,,,,,,,,,,,,,,,,,,,
condizione ambientale,condition environnementale,,,,,,,,,,,,,,,,,,,,,,,,
bacca,baie,,,,,,,,,,,,,,,,,,,,,,,,
vitigno autoctono Becuet,cépage autochtone Becquet,,,,,,,,,,,,,,,,,,,,,,,,
Vino spumante secco,Vin mousseux sec,,,,,,,,,,,,,,,,,,,,,,,,
ampolla,flacon,,,,,,,,,,,,,,,,,,,,,,,,
bicchiere,verre,,,,,,,,,,,,,,,,,,,,,,,,
bolla di livello,bulle de niveau,,,,,,,,,,,,,,,,,,,,,,,,
cantinetta,cave à vin,,,,,,,,,,,,,,,,,,,,,,,,
cantinetta,cave à vin,,,,,,,,,,,,,,,,,,,,,,,,
capsula,capsule,,,,,,,,,,,,,,,,,,,,,,,,
cavatappi a doppia leva,tire bouchon à double levier,,,,,,,,,,,,,,,,,,,,,,,,
cavatappi a lame,tire bouchon à lames,,,,,,,,,,,,,,,,,,,,,,,,
cestello portabottiglie,panier à vin,,,,,,,,,,,,,,,,,,,,,,,,
ciotola,bol,,,,,,,,,,,,,,,,,,,,,,,,
coltellino,couteau,,,,,,,,,,,,,,,,,,,,,,,,
contenitore,récipient,,,,,,,,,,,,,,,,,,,,,,,,
coppa,coupe,,,,,,,,,,,,,,,,,,,,,,,,
cristallo,cristal,,,,,,,,,,,,,,,,,,,,,,,,
cristallo,cristal,,,,,,,,,,,,,,,,,,,,,,,,
espositore,présentoir,,,,,,,,,,,,,,,,,,,,,,,,
fazzoletto,serviette,,,,,,,,,,,,,,,,,,,,,,,,
gabbietta,muselet,,,,,,,,,,,,,,,,,,,,,,,,
goccia,goutte,,,,,,,,,,,,,,,,,,,,,,,,
igrometro,hygromètre,,,,,,,,,,,,,,,,,,,,,,,,
lama,lame,,,,,,,,,,,,,,,,,,,,,,,,
lavandino,évier,,,,,,,,,,,,,,,,,,,,,,,,
leva,levier,,,,,,,,,,,,,,,,,,,,,,,,
manico,manche,,,,,,,,,,,,,,,,,,,,,,,,
marsina,frac,,,,,,,,,,,,,,,,,,,,,,,,
mescita,service,,,,,,,,,,,,,,,,,,,,,,,,
metallo,métal,,,,,,,,,,,,,,,,,,,,,,,,
ogiva,ogive,,,,,,,,,,,,,,,,,,,,,,,,
ossigenare,oxygéner,,,,,,,,,,,,,,,,,,,,,,,,
panno,linge,,,,,,,,,,,,,,,,,,,,,,,,
pinza,pince,,,,,,,,,,,,,,,,,,,,,,,,
pompetta,pompe,,,,,,,,,,,,,,,,,,,,,,,,
portavino,à vin,,,,,,,,,,,,,,,,,,,,,,,,
sbicchierare,vente au verre,,,,,,,,,,,,,,,,,,,,,,,,
scaraffare,carafer,,,,,,,,,,,,,,,,,,,,,,,,
screwpull,screwpull,,,,,,,,,,,,,,,,,,,,,,,,
secchiello,seau,,,,,,,,,,,,,,,,,,,,,,,,
spirale,spirale,,,,,,,,,,,,,,,,,,,,,,,,
stappare,déboucher,,,,,,,,,,,,,,,,,,,,,,,,
stappatura,débouchage,,,,,,,,,,,,,,,,,,,,,,,,
stelo,pied,,,,,,,,,,,,,,,,,,,,,,,,
succhiello,vrille,,,,,,,,,,,,,,,,,,,,,,,,
sughero,liège,,,,,,,,,,,,,,,,,,,,,,,,
tappo anti-ossidazione,bouchon anti-oxidation,,,,,,,,,,,,,,,,,,,,,,,,
tappo sottovuoto,pompe à vide,,,,,,,,,,,,,,,,,,,,,,,,
taschino,poche poitrine,,,,,,,,,,,,,,,,,,,,,,,,
tester,testeur,,,,,,,,,,,,,,,,,,,,,,,,
tovagliolo,serviette,,,,,,,,,,,,,,,,,,,,,,,,
tulipano,tulipe,,,,,,,,,,,,,,,,,,,,,,,,
verme,mèche,,,,,,,,,,,,,,,,,,,,,,,,
vimine,osier,,,,,,,,,,,,,,,,,,,,,,,,
vite autofilettante,vis autotaraudeuse,,,,,,,,,,,,,,,,,,,,,,,,
vino spumante charmat,vin mousseux charmat,,,,,,,,,,,,,,,,,,,,,,,,
bevanda sacra,boisson sacrée,,,,,,,,,,,,,,,,,,,,,,,,
birra,bière,,,,,,,,,,,,,,,,,,,,,,,,
birra artigianale,bière artisanale,,,,,,,,,,,,,,,,,,,,,,,,
birraio,brasseur,,,,,,,,,,,,,,,,,,,,,,,,
birra alcolica,bière alcoolisée,,,,,,,,,,,,,,,,,,,,,,,,
birra analcolica,bière sans alcool,,,,,,,,,,,,,,,,,,,,,,,,
birrificazione,brassage,,,,,,,,,,,,,,,,,,,,,,,,
birrificio,brasserie,,,,,,,,,,,,,,,,,,,,,,,,
boccale,chope,,,,,,,,,,,,,,,,,,,,,,,,
doppio malto,double malt,,,,,,,,,,,,,,,,,,,,,,,,
fermentazione,fermentation,,,,,,,,,,,,,,,,,,,,,,,,
grado di tostatura,degré de torréfaction,,,,,,,,,,,,,,,,,,,,,,,,
luppolatura,houblonnage,,,,,,,,,,,,,,,,,,,,,,,,
luppolo,houblon,,,,,,,,,,,,,,,,,,,,,,,,
malto,malt,,,,,,,,,,,,,,,,,,,,,,,,
malto speciale,malt spécial,,,,,,,,,,,,,,,,,,,,,,,,
mastro birraio,maître brasseur,,,,,,,,,,,,,,,,,,,,,,,,
microrganismo buono,bon micro-organisme,,,,,,,,,,,,,,,,,,,,,,,,
mosto di birra,moût de bière,,,,,,,,,,,,,,,,,,,,,,,,
schiuma,mousse,,,,,,,,,,,,,,,,,,,,,,,,
spillatura,soutirage,,,,,,,,,,,,,,,,,,,,,,,,
torbidità,turbidité,,,,,,,,,,,,,,,,,,,,,,,,
zucchero fermentescibile,sucre fermentiscible,,,,,,,,,,,,,,,,,,,,,,,,
essiccazione,séchage,,,,,,,,,,,,,,,,,,,,,,,,
Mulsum,Mulsum,,,,,,,,,,,,,,,,,,,,,,,,
noce moscata,noix de muscade,,,,,,,,,,,,,,,,,,,,,,,,
nota balsamica,arôme balsamique,,,,,,,,,,,,,,,,,,,,,,,,
nota floreale,arôme floral,,,,,,,,,,,,,,,,,,,,,,,,
nota speziata,arôme épicé,,,,,,,,,,,,,,,,,,,,,,,,
pastosità,pâteux,,,,,,,,,,,,,,,,,,,,,,,,
pece,poix,,,,,,,,,,,,,,,,,,,,,,,,
pepe,poivre,,,,,,,,,,,,,,,,,,,,,,,,
periodo di invecchiamento,période de vieillssement,,,,,,,,,,,,,,,,,,,,,,,,
pesca,pêche,,,,,,,,,,,,,,,,,,,,,,,,
petalo di viola,pétale de violette,,,,,,,,,,,,,,,,,,,,,,,,
pianta aromatica,plante aromatique,,,,,,,,,,,,,,,,,,,,,,,,
pianta erbacea,plante herbacée,,,,,,,,,,,,,,,,,,,,,,,,
pianta medicinale,plante médicinale,,,,,,,,,,,,,,,,,,,,,,,,
pianta officinale,plante officinale,,,,,,,,,,,,,,,,,,,,,,,,
prodotto vitivinicolo aromatizzato,produit vitivinicole aromatisé,,,,,,,,,,,,,,,,,,,,,,,,
quercia,chêne,,,,,,,,,,,,,,,,,,,,,,,,
rabarbaro,rhubarbe,,,,,,,,,,,,,,,,,,,,,,,,
radice di rabarbaro,racine de rhubarbe,,,,,,,,,,,,,,,,,,,,,,,,
resina,résine,,,,,,,,,,,,,,,,,,,,,,,,
resina di lentischio,résine de lentisque,,,,,,,,,,,,,,,,,,,,,,,,
resina di pino,résine de pin,,,,,,,,,,,,,,,,,,,,,,,,
Retsina,Retsina,,,,,,,,,,,,,,,,,,,,,,,,
rifermentare,refermenter,,,,,,,,,,,,,,,,,,,,,,,,
rifermentazione,refermentation,,,,,,,,,,,,,,,,,,,,,,,,
rimedio officinale,remède officinale,,,,,,,,,,,,,,,,,,,,,,,,
rosa canina,rosier des chiens,,,,,,,,,,,,,,,,,,,,,,,,
Vino spumante rosso,vin mousseux rouge,,,,,,,,,,,,,,,,,,,,,,,,
pigiatrice,fouloir,,,,,,,,,,,,,,,,,,,,,,,,
pressatura automatizzata,pressurage automatique,,,,,,,,,,,,,,,,,,,,,,,,
estrarre,extraire,,,,,,,,,,,,,,,,,,,,,,,,
pigiatura,foulage,,,,,,,,,,,,,,,,,,,,,,,,
pressa,presse,,,,,,,,,,,,,,,,,,,,,,,,
pressatura,pressurage,,,,,,,,,,,,,,,,,,,,,,,,
spremitura,pressage,,,,,,,,,,,,,,,,,,,,,,,,
polpa,pulpe,,,,,,,,,,,,,,,,,,,,,,,,
diraspatrice,égrappoir,,,,,,,,,,,,,,,,,,,,,,,,
mosto,moût,,,,,,,,,,,,,,,,,,,,,,,,
Pornassio,Pornassio,,,,,,,,,,,,,,,,,,,,,,,,
Porto,Porto,,,,,,,,,,,,,,,,,,,,,,,,
Porto Crusted,Porto Crusted,,,,,,,,,,,,,,,,,,,,,,,,
Porto Ruby,Porto Ruby,,,,,,,,,,,,,,,,,,,,,,,,
Porto Vintage,Porto Vintage,,,,,,,,,,,,,,,,,,,,,,,,
Porto/Oporto Noval Tawny,Porto/Oporto Noval Tawny,,,,,,,,,,,,,,,,,,,,,,,,
presenza di bucce,présence des peaux,,,,,,,,,,,,,,,,,,,,,,,,
presenza di bucce rosse,présence des peaux rouges,,,,,,,,,,,,,,,,,,,,,,,,
processo di aromatizzazione,processus d'aromatisation,,,,,,,,,,,,,,,,,,,,,,,,
quantità di zucchero,quantité du sucre,,,,,,,,,,,,,,,,,,,,,,,,
Roriz,Roriz,,,,,,,,,,,,,,,,,,,,,,,,
Rubino,rubis,,,,,,,,,,,,,,,,,,,,,,,,
Rum,Rhum,,,,,,,,,,,,,,,,,,,,,,,,
salino,salé,,,,,,,,,,,,,,,,,,,,,,,,
scorza,écorce,,,,,,,,,,,,,,,,,,,,,,,,
sentore dolce,note douce,,,,,,,,,,,,,,,,,,,,,,,,
sentore ossidativo,note oxydative,,,,,,,,,,,,,,,,,,,,,,,,
sentore speziato,note épicée,,,,,,,,,,,,,,,,,,,,,,,,
Sercial,Sercial,,,,,,,,,,,,,,,,,,,,,,,,
sfumatura dolce,nuance douce,,,,,,,,,,,,,,,,,,,,,,,,
sfumatura salina,nuance salée,,,,,,,,,,,,,,,,,,,,,,,,
Sherry Oloroso Gobernador,Sherry Oloroso Gobernador,,,,,,,,,,,,,,,,,,,,,,,,
Sherry/Jerez/Xeres,Sherry/Jerez/Xeres,,,,,,,,,,,,,,,,,,,,,,,,
spezia dolce,épice douce,,,,,,,,,,,,,,,,,,,,,,,,
speziato,épicé,,,,,,,,,,,,,,,,,,,,,,,,
spumante dolce,mousseux doux,,,,,,,,,,,,,,,,,,,,,,,,
strato di lieviti,couche de levures,,,,,,,,,,,,,,,,,,,,,,,,
stufa,chauffage,,,,,,,,,,,,,,,,,,,,,,,,
Tamarindo,tamarin,,,,,,,,,,,,,,,,,,,,,,,,
terrazza di terreno vulcanico,terrasse du sol volcanique,,,,,,,,,,,,,,,,,,,,,,,,
tessitura aromatica,texture aromatique,,,,,,,,,,,,,,,,,,,,,,,,
tessitura aromatica opulenta,texture/profil aromatique fort,,,,,,,,,,,,,,,,,,,,,,,,
tessitura densa,texture dense,,,,,,,,,,,,,,,,,,,,,,,,
tipica ossidazione,oxydation typique,,,,,,,,,,,,,,,,,,,,,,,,
tipico sentore ossidativo,note oxydative typique,,,,,,,,,,,,,,,,,,,,,,,,
tipologia dolce,variété douce,,,,,,,,,,,,,,,,,,,,,,,,
tipologia secca,variété sèche,,,,,,,,,,,,,,,,,,,,,,,,
Tocai,Tokai,,,,,,,,,,,,,,,,,,,,,,,,
Touriga,Touriga,,,,,,,,,,,,,,,,,,,,,,,,
uva bianca,raisin blanc,,,,,,,,,,,,,,,,,,,,,,,,
VSQ (Vino spumante di qualità),VMQ (Vin Mousseux de Qualité),,,,,,,,,,,,,,,,,,,,,,,,
abilitazione,aptitude,,,,,,,,,,,,,,,,,,,,,,,,
analisi sensoriale,analyse sensorielle,,,,,,,,,,,,,,,,,,,,,,,,
anello salvagocce,anneau anti-goutte,,,,,,,,,,,,,,,,,,,,,,,,
cavatappi,tire-bouchon,,,,,,,,,,,,,,,,,,,,,,,,
tastevin,tastevin,,,,,,,,,,,,,,,,,,,,,,,,
termometro a lettura rapida,thermomètre à vin,,,,,,,,,,,,,,,,,,,,,,,,
decanter,carafe à decanter,,,,,,,,,,,,,,,,,,,,,,,,
glacette,rafraîchisseur isotherme,,,,,,,,,,,,,,,,,,,,,,,,
Drop-stop,Drop Stop,,,,,,,,,,,,,,,,,,,,,,,,
esame di abilitazione,examen d’aptitude,,,,,,,,,,,,,,,,,,,,,,,,
frangino,torchon,,,,,,,,,,,,,,,,,,,,,,,,
grembiule,tablier,,,,,,,,,,,,,,,,,,,,,,,,
tappo,bouchon,,,,,,,,,,,,,,,,,,,,,,,,
secchiello per il ghiaccio,seau à glace,,,,,,,,,,,,,,,,,,,,,,,,
tappo di sughero,bouchon de liège,,,,,,,,,,,,,,,,,,,,,,,,
calice,verre à vin,,,,,,,,,,,,,,,,,,,,,,,,
candela,bugie,,,,,,,,,,,,,,,,,,,,,,,,
caraffa,carafe,,,,,,,,,,,,,,,,,,,,,,,,
carrello dei vini,chariot à vin,,,,,,,,,,,,,,,,,,,,,,,,
prosecco,prosecco,,,,,,,,,,,,,,,,,,,,,,,,
prosecco,prosecco,,,,,,,,,,,,,,,,,,,,,,,,
recioto,recioto,,,,,,,,,,,,,,,,,,,,,,,,
pupitre,pupitre,,,,,,,,,,,,,,,,,,,,,,,,
sboccatura,dégorgement,,,,,,,,,,,,,,,,,,,,,,,,
sboccatura à la volée,dégorgement à la volée,,,,,,,,,,,,,,,,,,,,,,,,
sedimento feccioso,dépôt de lies,,,,,,,,,,,,,,,,,,,,,,,,
saccarosio,saccharose,,,,,,,,,,,,,,,,,,,,,,,,
secco,sec,,,,,,,,,,,,,,,,,,,,,,,,
refrigerante,réfrigérant,,,,,,,,,,,,,,,,,,,,,,,,
refrigerare,réfrigérer,,,,,,,,,,,,,,,,,,,,,,,,
refrigerazione,réfrigération,,,,,,,,,,,,,,,,,,,,,,,,
silicato,silicate,,,,,,,,,,,,,,,,,,,,,,,,
rabboccare,ouiller,,,,,,,,,,,,,,,,,,,,,,,,
solforoso,sulfureux,,,,,,,,,,,,,,,,,,,,,,,,
remuage sûr pupitres,remuage sûr pupitres,,,,,,,,,,,,,,,,,,,,,,,,
Saccharomyces ellipsoideus,Saccharomyces ellipsoideus,,,,,,,,,,,,,,,,,,,,,,,,
Saccharomyces  oviformis,Saccharomyces  oviformis,,,,,,,,,,,,,,,,,,,,,,,,
ricolmare,remplir,,,,,,,,,,,,,,,,,,,,,,,,
sistema di agitazione,système d'agitation,,,,,,,,,,,,,,,,,,,,,,,,
sistema di allevamento,système de conduite,,,,,,,,,,,,,,,,,,,,,,,,
tappo stopper,bouchon hermétique,,,,,,,,,,,,,,,,,,,,,,,,
quaderno di degustazione,carnet de dégustation,,,,,,,,,,,,,,,,,,,,,,,,
"valigetta bicchieri
",mallette,,,,,,,,,,,,,,,,,,,,,,,,
diploma di sommelier,Mention Complémentaire Sommellerie,,,,,,,,,,,,,,,,,,,,,,,,
diploma di sommelier,Brevet Professionnel de Sommelier,,,,,,,,,,,,,,,,,,,,,,,,
diploma di master sommelier (MS),diplôme Master Sommelier,,,,,,,,,,,,,,,,,,,,,,,,
cavatappi a campana,tire-bouchon à cloche,,,,,,,,,,,,,,,,,,,,,,,,
cavatappi a doppia vite,tire-bouchon à double-vis,,,,,,,,,,,,,,,,,,,,,,,,
cavatappi a farfalla,tire-bouchon à écrou-papillon,,,,,,,,,,,,,,,,,,,,,,,,
cavatappi a leva,tire-bouchon à levier ,,,,,,,,,,,,,,,,,,,,,,,,
cavatappi a rubinetto,siphon à champagne,,,,,,,,,,,,,,,,,,,,,,,,
cavatappi professionale,tire-bouchon professionel,,,,,,,,,,,,,,,,,,,,,,,,
corso certificato,formation  certifiante,,,,,,,,,,,,,,,,,,,,,,,,
enologia,œnologie,,,,,,,,,,,,,,,,,,,,,,,,
esame gusto-olfattivo,rétro-olfaction,,,,,,,,,,,,,,,,,,,,,,,,
fisiologia del gusto,physiologie du goût,,,,,,,,,,,,,,,,,,,,,,,,
fisiologia dell'olfatto,physiologie de l'odorat,,,,,,,,,,,,,,,,,,,,,,,,
fisiologia della vista,physiologie de la vue,,,,,,,,,,,,,,,,,,,,,,,,
iter formativo,parcours de formation,,,,,,,,,,,,,,,,,,,,,,,,
master di perfezionamento,mastère spécialisé,,,,,,,,,,,,,,,,,,,,,,,,
master professionale,master professionnel,,,,,,,,,,,,,,,,,,,,,,,,
metodo Mercadini,NA,,,,,,,,,,,,,,,,,,,,,,,,
parametro di valutazione,critère d'évaluation,,,,,,,,,,,,,,,,,,,,,,,,
percorso certificato,parcours certifiant,,,,,,,,,,,,,,,,,,,,,,,,
percorso formativo,parcours de formation,,,,,,,,,,,,,,,,,,,,,,,,
percorso teorico-pratico,formation théorique et pratique,,,,,,,,,,,,,,,,,,,,,,,,
principi nutritivi,nutriments,,,,,,,,,,,,,,,,,,,,,,,,
scheda di abbinamento,NA,,,,,,,,,,,,,,,,,,,,,,,,
scheda analitico-descrittiva,fiche de dégustation,,,,,,,,,,,,,,,,,,,,,,,,
vitigno,cépage,,,,,,,,,,,,,,,,,,,,,,,,
caratteristiche organolettiche,propriétés organoleptiques,,,,,,,,,,,,,,,,,,,,,,,,
coltivazione della vite,viticulture,,,,,,,,,,,,,,,,,,,,,,,,
cultura enogastronomica,culture du vin et de la gastronomie,,,,,,,,,,,,,,,,,,,,,,,,
AIS,AIS,,,,,,,,,,,,,,,,,,,,,,,,
FISAR,NA,,,,,,,,,,,,,,,,,,,,,,,,
sommelier,sommelier,,,,,,,,,,,,,,,,,,,,,,,,
ASPI,ASPI,,,,,,,,,,,,,,,,,,,,,,,,
luogo di esposizione,lieu d'exposition,,,,,,,,,,,,,,,,,,,,,,,,
menzione geografica aggiuntiva,dénomination géographique complémentaire,,,,,,,,,,,,,,,,,,,,,,,,
menzione specifica tradizionale,mention spécifique traditionnelle,,,,,,,,,,,,,,,,,,,,,,,,
ministro delle politiche agricole alimentari e forestali,ministre de l’Agriculture et de l'Alimentation,,,,,,,,,,,,,,,,,,,,,,,,
norme nazionali per la produzione,normes nationales de production,,,,,,,,,,,,,,,,,,,,,,,,
operatore enoturistico,acteur de l'oenotourisme,,,,,,,,,,,,,,,,,,,,,,,,
operatore del settore alimentare,opérateur de fabrication agroalimentaire,,,,,,,,,,,,,,,,,,,,,,,,
parametro chimico-fisico,paramètre physico-chimique,,,,,,,,,,,,,,,,,,,,,,,,
parametro microclimatico,paramètre microclimatique,,,,,,,,,,,,,,,,,,,,,,,,
partita di vino,lot de vin,,,,,,,,,,,,,,,,,,,,,,,,
pericolo di origine chimica,danger d'origine chimique,,,,,,,,,,,,,,,,,,,,,,,,
periodo minimo di invecchiamento,durée minimum de vieillissement,,,,,,,,,,,,,,,,,,,,,,,,
prassi igienica,pratique d'hygiène,,,,,,,,,,,,,,,,,,,,,,,,
distillazione,distillation,,,,,,,,,,,,,,,,,,,,,,,,
prodotto agro-alimentare,produit agro-alimentaire,,,,,,,,,,,,,,,,,,,,,,,,
produzione annua,production annuelle,,,,,,,,,,,,,,,,,,,,,,,,
produzione annuale,production annuelle,,,,,,,,,,,,,,,,,,,,,,,,
produzione di vino,production de vin,,,,,,,,,,,,,,,,,,,,,,,,
registro nazionale delle varietà di vite,catalogue officiel national des variétés de vignes,,,,,,,,,,,,,,,,,,,,,,,,
regolamento consortile,règlement du Consortium,,,,,,,,,,,,,,,,,,,,,,,,
resa uva/vino,rendement de la vigne,,,,,,,,,,,,,,,,,,,,,,,,
resa massima di uva/vino,rendement maximum de production,,,,,,,,,,,,,,,,,,,,,,,,
gassificare,gazéifier,,,,,,,,,,,,,,,,,,,,,,,,
ampiezza,ampleur,,,,,,,,,,,,,,,,,,,,,,,,
analisi chimica,analyse chimique,,,,,,,,,,,,,,,,,,,,,,,,
calice con stelo,verre à pied,,,,,,,,,,,,,,,,,,,,,,,,
composizione glicerica,glycérol,,,,,,,,,,,,,,,,,,,,,,,,
corposità,corps,,,,,,,,,,,,,,,,,,,,,,,,
deglutire,avaler,,,,,,,,,,,,,,,,,,,,,,,,
densità cromatica,intensité colorante,,,,,,,,,,,,,,,,,,,,,,,,
essenza fruttata,note fruitée,,,,,,,,,,,,,,,,,,,,,,,,
evacuare,cracher,,,,,,,,,,,,,,,,,,,,,,,,
grassezza,gras,,,,,,,,,,,,,,,,,,,,,,,,
lucentezza,brillance,,,,,,,,,,,,,,,,,,,,,,,,
mediocrità,médiocrité,,,,,,,,,,,,,,,,,,,,,,,,
opalescenza,opalescence,,,,,,,,,,,,,,,,,,,,,,,,
percezione sensoriale,perception sensorielle,,,,,,,,,,,,,,,,,,,,,,,,
persistenza gusto-olfattiva,persistance,,,,,,,,,,,,,,,,,,,,,,,,
profilo organolettico,profile organoleptique,,,,,,,,,,,,,,,,,,,,,,,,
salivare,saliver,,,,,,,,,,,,,,,,,,,,,,,,
scorrevolezza,coulant,,,,,,,,,,,,,,,,,,,,,,,,
smorzare,atténuer,,,,,,,,,,,,,,,,,,,,,,,,
sostanze odorose,composés odorants,,,,,,,,,,,,,,,,,,,,,,,,
stimolo sensoriale,stimulus sensoriel,,,,,,,,,,,,,,,,,,,,,,,,
struttura gustativa,structure,,,,,,,,,,,,,,,,,,,,,,,,
succulenza,succulence,,,,,,,,,,,,,,,,,,,,,,,,
untuosità,onctuosité,,,,,,,,,,,,,,,,,,,,,,,,
valutazione sensoriale,analyse sensorielle,,,,,,,,,,,,,,,,,,,,,,,,
vetro istoriato,verre décoré,,,,,,,,,,,,,,,,,,,,,,,,
viaggio polisensoriale,voyage multi-sensoriel,,,,,,,,,,,,,,,,,,,,,,,,
aromaticità,aromatique,,,,,,,,,,,,,,,,,,,,,,,,
effervescenza,effervescence,,,,,,,,,,,,,,,,,,,,,,,,
degustatore,dégustateur,,,,,,,,,,,,,,,,,,,,,,,,
assaggiatore,dégustateur,,,,,,,,,,,,,,,,,,,,,,,,
astringenza,astringence,,,,,,,,,,,,,,,,,,,,,,,,
componente,composant,,,,,,,,,,,,,,,,,,,,,,,,
archetto,jambe,,,,,,,,,,,,,,,,,,,,,,,,
sfumatura odorosa,nuance aromatique,,,,,,,,,,,,,,,,,,,,,,,,
persistenza,longueur,,,,,,,,,,,,,,,,,,,,,,,,
intensità (olfatto),intensité (du nez),,,,,,,,,,,,,,,,,,,,,,,,
intensità (vista),intensité (visuelle),,,,,,,,,,,,,,,,,,,,,,,,
analisi organolettica,examen organoleptique,,,,,,,,,,,,,,,,,,,,,,,,
sensazione pseudocalorica,sensation de chaleur,,,,,,,,,,,,,,,,,,,,,,,,
tannicità,tannicité,,,,,,,,,,,,,,,,,,,,,,,,
fluidità,fluidité,,,,,,,,,,,,,,,,,,,,,,,,
lacrima,larme,,,,,,,,,,,,,,,,,,,,,,,,
Lacrima,Lacrima,,,,,,,,,,,,,,,,,,,,,,,,
tonalità,teinte,,,,,,,,,,,,,,,,,,,,,,,,
tannino,tanin,,,,,,,,,,,,,,,,,,,,,,,,
alcolicità,teneur en alcool,,,,,,,,,,,,,,,,,,,,,,,,
ossigenazione,aération,,,,,,,,,,,,,,,,,,,,,,,,
decantazione,décantation,,,,,,,,,,,,,,,,,,,,,,,,
tenore,teneur,,,,,,,,,,,,,,,,,,,,,,,,
vino abboccato,vin moelleux,,,,,,,,,,,,,,,,,,,,,,,,
vino acerbo,vin acerbe,,,,,,,,,,,,,,,,,,,,,,,,
vino allappante,vin astringent,,,,,,,,,,,,,,,,,,,,,,,,
Vino spumante naturale,vin effervescent,,,,,,,,,,,,,,,,,,,,,,,,
affinamento,viellissement,,,,,,,,,,,,,,,,,,,,,,,,
affinamento in acciaio,élevage en cuve inox,,,,,,,,,,,,,,,,,,,,,,,,
affinamento in bottiglia,vieillissement en bouteille,,,,,,,,,,,,,,,,,,,,,,,,
affinamento in cantina,vieillissement en cave,,,,,,,,,,,,,,,,,,,,,,,,
affinamento in legno,élevage en bois,,,,,,,,,,,,,,,,,,,,,,,,
affinare,élever,,,,,,,,,,,,,,,,,,,,,,,,
barrique,barrique,,,,,,,,,,,,,,,,,,,,,,,,
barrique bordolese,barrique bordelaise,,,,,,,,,,,,,,,,,,,,,,,,
botte di legno,tonneau,,,,,,,,,,,,,,,,,,,,,,,,
capacità media,contenance moyenne,,,,,,,,,,,,,,,,,,,,,,,,
cerchi di metallo,cercles de barrique,,,,,,,,,,,,,,,,,,,,,,,,
ciclo di affinamento,durée d'utilisation,,,,,,,,,,,,,,,,,,,,,,,,
cocchiume,bonde,,,,,,,,,,,,,,,,,,,,,,,,
cocchiume,bonde,,,,,,,,,,,,,,,,,,,,,,,,
colmare,ouiller,,,,,,,,,,,,,,,,,,,,,,,,
contenitore inerte,récipient inerte,,,,,,,,,,,,,,,,,,,,,,,,
contenitore neutro,contenant neutre,,,,,,,,,,,,,,,,,,,,,,,,
doga di legno,douve,,,,,,,,,,,,,,,,,,,,,,,,
ermeticità,herméticité,,,,,,,,,,,,,,,,,,,,,,,,
essenza legnosa,essence de bois,,,,,,,,,,,,,,,,,,,,,,,,
etichetta pregiata,étiquette précieuse,,,,,,,,,,,,,,,,,,,,,,,,
ettolitro,hectolitre,,,,,,,,,,,,,,,,,,,,,,,,
evaporazione,évaporation,,,,,,,,,,,,,,,,,,,,,,,,
fase di affinamento,phase de vieillissement,,,,,,,,,,,,,,,,,,,,,,,,
fibra di vetro,fibre de verre,,,,,,,,,,,,,,,,,,,,,,,,
flocculazione,floculation,,,,,,,,,,,,,,,,,,,,,,,,
fluido di raffreddamento,liquide de refroidissement,,,,,,,,,,,,,,,,,,,,,,,,
foro di riempimento,trou de bonde,,,,,,,,,,,,,,,,,,,,,,,,
invecchiare,vieillir,,,,,,,,,,,,,,,,,,,,,,,,
materiale neutro,matériau neutre,,,,,,,,,,,,,,,,,,,,,,,,
micro ossigenazione,micro-oxygènation,,,,,,,,,,,,,,,,,,,,,,,,
microporosità,microporosité,,,,,,,,,,,,,,,,,,,,,,,,
pipa,pipe,,,,,,,,,,,,,,,,,,,,,,,,
poro,pore,,,,,,,,,,,,,,,,,,,,,,,,
porosità,porosité,,,,,,,,,,,,,,,,,,,,,,,,
pratica di cantina,pratique de cave,,,,,,,,,,,,,,,,,,,,,,,,
processo di stabilizzazione,traitement de stabilisation,,,,,,,,,,,,,,,,,,,,,,,,
rapporto superficie/volume,rapport surface/volume,,,,,,,,,,,,,,,,,,,,,,,,
riposo in legno,élevage sous bois,,,,,,,,,,,,,,,,,,,,,,,,
sbalzo di temperatura,variation de température,,,,,,,,,,,,,,,,,,,,,,,,
scolmare,débonder,,,,,,,,,,,,,,,,,,,,,,,,
scolmatura,débondage,,,,,,,,,,,,,,,,,,,,,,,,
serbatoio senza tetto fisso,cuve à chapeau flottant,,,,,,,,,,,,,,,,,,,,,,,,
stabilizzazione naturale,stabilisation naturelle,,,,,,,,,,,,,,,,,,,,,,,,
tempo di affinamento,temps d'élevage,,,,,,,,,,,,,,,,,,,,,,,,
tempo di invecchiamento,temps de vieillissement,,,,,,,,,,,,,,,,,,,,,,,,
tino,cuve,,,,,,,,,,,,,,,,,,,,,,,,
trattamento stabilizzatore,traitement stabilisant,,,,,,,,,,,,,,,,,,,,,,,,
travasare,soutirer,,,,,,,,,,,,,,,,,,,,,,,,
travaso,soutirage,,,,,,,,,,,,,,,,,,,,,,,,
vaso vinario,récipient vinaire,,,,,,,,,,,,,,,,,,,,,,,,
vetroresina,résine,,,,,,,,,,,,,,,,,,,,,,,,
bottigliere,bouteiller,,,,,,,,,,,,,,,,,,,,,,,,
convivio,banquet,,,,,,,,,,,,,,,,,,,,,,,,
coppiere,échanson,,,,,,,,,,,,,,,,,,,,,,,,
dispensiere,cambusier,,,,,,,,,,,,,,,,,,,,,,,,
Sagrantino,Sagrantino,,,,,,,,,,,,,,,,,,,,,,,,
Sfursat,Sfursat,,,,,,,,,,,,,,,,,,,,,,,,
stuoia,tissu,,,,,,,,,,,,,,,,,,,,,,,,
surmaturazione,surmaturation,,,,,,,,,,,,,,,,,,,,,,,,
Tokaji Eszencia,Tokay Eszencia,,,,,,,,,,,,,,,,,,,,,,,,
torchio meccanico,pressoir vinicole,,,,,,,,,,,,,,,,,,,,,,,,
torsione del peduncolo,séchage sur pied (DOV),,,,,,,,,,,,,,,,,,,,,,,,
tossina,toxine,,,,,,,,,,,,,,,,,,,,,,,,
Trockenbeerenauslese,trockenbeerenauslese,,,,,,,,,,,,,,,,,,,,,,,,
uva bionda,raisins blancs,,,,,,,,,,,,,,,,,,,,,,,,
uva diraspata,raisins égrappés,,,,,,,,,,,,,,,,,,,,,,,,
uva malaga,raisins malaga,,,,,,,,,,,,,,,,,,,,,,,,
uva passita,raisins passerillés,,,,,,,,,,,,,,,,,,,,,,,,
uva surmatura,raisins surmûris,,,,,,,,,,,,,,,,,,,,,,,,
ventilazione,ventilation,,,,,,,,,,,,,,,,,,,,,,,,
Verdicchio,Verdicchio,,,,,,,,,,,,,,,,,,,,,,,,
Vermentino,Vermentino,,,,,,,,,,,,,,,,,,,,,,,,
Vespaiola,Vespaiola,,,,,,,,,,,,,,,,,,,,,,,,
vin santo,vin santo,,,,,,,,,,,,,,,,,,,,,,,,
vino muffato,vin surmûri,,,,,,,,,,,,,,,,,,,,,,,,
vino passito,vin de paille,,,,,,,,,,,,,,,,,,,,,,,,
vino passito bianco,vin de paille blanc,,,,,,,,,,,,,,,,,,,,,,,,
vino passito dolce,vin de paille doux,,,,,,,,,,,,,,,,,,,,,,,,
vino passito liquoroso,vin de paille liquoreux,,,,,,,,,,,,,,,,,,,,,,,,
vino passito secco,vin de paille sec,,,,,,,,,,,,,,,,,,,,,,,,
pigiare,presser,,,,,,,,,,,,,,,,,,,,,,,,
distillato di vino,distillat de vin,,,,,,,,,,,,,,,,,,,,,,,,
Amarone,Amarone,,,,,,,,,,,,,,,,,,,,,,,,
graticcio,treillage,,,,,,,,,,,,,,,,,,,,,,,,
residuo zuccherino,sucre résiduel,,,,,,,,,,,,,,,,,,,,,,,,
passito,passito,,,,,,,,,,,,,,,,,,,,,,,,
chiarifica,clarification,,,,,,,,,,,,,,,,,,,,,,,,
Garganega,Garganega,,,,,,,,,,,,,,,,,,,,,,,,
bentonite,bentonite,,,,,,,,,,,,,,,,,,,,,,,,
pinot grigio,pinot gris,,,,,,,,,,,,,,,,,,,,,,,,
Aleatico,Aleatico,,,,,,,,,,,,,,,,,,,,,,,,
Brachetto,Brachetto,,,,,,,,,,,,,,,,,,,,,,,,
Gewurztraminer,Gewurztraminer,,,,,,,,,,,,,,,,,,,,,,,,
pinot bianco,pinot blanc,,,,,,,,,,,,,,,,,,,,,,,,
cuvée,cuvée,,,,,,,,,,,,,,,,,,,,,,,,
mc (mosto concentrato),moût concentré,,,,,,,,,,,,,,,,,,,,,,,,
dry,sec,,,,,,,,,,,,,,,,,,,,,,,,
champagne,Champagne,,,,,,,,,,,,,,,,,,,,,,,,
semisecco,demi-sec,,,,,,,,,,,,,,,,,,,,,,,,
accento erbaceo,accent herbacé,,,,,,,,,,,,,,,,,,,,,,,,
addizione di distillato,ajout de distillat,,,,,,,,,,,,,,,,,,,,,,,,
aggiunta di alcol,vinage,,,,,,,,,,,,,,,,,,,,,,,,
aggiunta di brandy,ajout de brandy,,,,,,,,,,,,,,,,,,,,,,,,
agrodolce,aigre-doux,,,,,,,,,,,,,,,,,,,,,,,,
agrumato,d'agrumes,,,,,,,,,,,,,,,,,,,,,,,,
Alcamo,Alcamo,,,,,,,,,,,,,,,,,,,,,,,,
ambrato,ambré,,,,,,,,,,,,,,,,,,,,,,,,
Amontillado,Amontillado,,,,,,,,,,,,,,,,,,,,,,,,
aroma dolce,arôme doux,,,,,,,,,,,,,,,,,,,,,,,,
assenza di bucce,absence de peaux,,,,,,,,,,,,,,,,,,,,,,,,
assenza di bucce rosse,absence de peaux rouges,,,,,,,,,,,,,,,,,,,,,,,,
Avola,Avola,,,,,,,,,,,,,,,,,,,,,,,,
Banyuls,Banyuls,,,,,,,,,,,,,,,,,,,,,,,,
a base di cacao,à base de cacao,,,,,,,,,,,,,,,,,,,,,,,,
boisé,boisé,,,,,,,,,,,,,,,,,,,,,,,,
botas,outre,,,,,,,,,,,,,,,,,,,,,,,,
botte scolma,barrique sans ouillage,,,,,,,,,,,,,,,,,,,,,,,,
bouquet olfattivo,bouquet,,,,,,,,,,,,,,,,,,,,,,,,
breve appassimento,bref séchage,,,,,,,,,,,,,,,,,,,,,,,,
buccia rossa,peau rouge,,,,,,,,,,,,,,,,,,,,,,,,
Campidano,Campidano,,,,,,,,,,,,,,,,,,,,,,,,
canteiro,canteiro,,,,,,,,,,,,,,,,,,,,,,,,
Cherry,Cherry,,,,,,,,,,,,,,,,,,,,,,,,
Cortado,Cortado,,,,,,,,,,,,,,,,,,,,,,,,
erba balsamica,fines herbes,,,,,,,,,,,,,,,,,,,,,,,,
erbaceo,herbacé,,,,,,,,,,,,,,,,,,,,,,,,
erbetta,fines herbes,,,,,,,,,,,,,,,,,,,,,,,,
fortificazione con alcol,mutage,,,,,,,,,,,,,,,,,,,,,,,,
fruttare,parfumer aux fruits,,,,,,,,,,,,,,,,,,,,,,,,
grado di dolcezza,degré de douceur,,,,,,,,,,,,,,,,,,,,,,,,
invecchiamento in botte scolma,vieillissement en barrique sans ouillage,,,,,,,,,,,,,,,,,,,,,,,,
iodato,iodé,,,,,,,,,,,,,,,,,,,,,,,,
lievito flor,flor (levure),,,,,,,,,,,,,,,,,,,,,,,,
Madeira,Madère,,,,,,,,,,,,,,,,,,,,,,,,
Madeira Bual,Madère Bual,,,,,,,,,,,,,,,,,,,,,,,,
Madeira Malmsey,Madère Malmsey,,,,,,,,,,,,,,,,,,,,,,,,
mallo,écale,,,,,,,,,,,,,,,,,,,,,,,,
Manzanilla Sanlucar,Manzanilla Sanlucar,,,,,,,,,,,,,,,,,,,,,,,,
Marsala,Marsala,,,,,,,,,,,,,,,,,,,,,,,,
Marsala Vergine,Marsala Vergine,,,,,,,,,,,,,,,,,,,,,,,,
criadera,criadera,,,,,,,,,,,,,,,,,,,,,,,,
metodo soleras,solera (méthode),,,,,,,,,,,,,,,,,,,,,,,,
miscela,mélange,,,,,,,,,,,,,,,,,,,,,,,,
succo d'uva,jus de raisin,,,,,,,,,,,,,,,,,,,,,,,,
mosto dolce,moût doux,,,,,,,,,,,,,,,,,,,,,,,,
mosto in fermentazione,moût en fermentation,,,,,,,,,,,,,,,,,,,,,,,,
nota ossidativa,note oxydative,,,,,,,,,,,,,,,,,,,,,,,,
Noval Silval Vintage,Noval Silval Vintage,,,,,,,,,,,,,,,,,,,,,,,,
Panesa,Panesa,,,,,,,,,,,,,,,,,,,,,,,,
piacevole sfumatura salina,plaisante sensation saline,,,,,,,,,,,,,,,,,,,,,,,,
vino spumante dolce,vin mousseux doux,,,,,,,,,,,,,,,,,,,,,,,,
acino ghiacciato,grain gelé,,,,,,,,,,,,,,,,,,,,,,,,
acqua ghiacciata,eau gelée,,,,,,,,,,,,,,,,,,,,,,,,
aroma di albicocca,arôme d'abricot,,,,,,,,,,,,,,,,,,,,,,,,
aroma di fichi secchi,arôme de figues sèches,,,,,,,,,,,,,,,,,,,,,,,,
aroma di frutta esotica,arôme de fruits exotiques,,,,,,,,,,,,,,,,,,,,,,,,
aroma tostato,arôme grillé,,,,,,,,,,,,,,,,,,,,,,,,
Avanà,Avana,,,,,,,,,,,,,,,,,,,,,,,,
Baratuciàt,Baratuciat,,,,,,,,,,,,,,,,,,,,,,,,
Becuet,Persan,,,,,,,,,,,,,,,,,,,,,,,,
Cimon,Cimon,,,,,,,,,,,,,,,,,,,,,,,,
congelamento delle uve,congélation des raisins,,,,,,,,,,,,,,,,,,,,,,,,
congelare,geler,,,,,,,,,,,,,,,,,,,,,,,,
disgelo,dégel,,,,,,,,,,,,,,,,,,,,,,,,
disidratare,déshydrater,,,,,,,,,,,,,,,,,,,,,,,,
Eigo Vitto,Eigo Vitto,,,,,,,,,,,,,,,,,,,,,,,,
Eiswein,Eiswein,,,,,,,,,,,,,,,,,,,,,,,,
estratto dell'acino,extrait du raisin,,,,,,,,,,,,,,,,,,,,,,,,
estratto dell'uva,extrait du raisin,,,,,,,,,,,,,,,,,,,,,,,,
gelata,gelée,,,,,,,,,,,,,,,,,,,,,,,,
gelo,gel,,,,,,,,,,,,,,,,,,,,,,,,
goccia di succo concentrato,petite quantité de jus concentré,,,,,,,,,,,,,,,,,,,,,,,,
succo concentrato,jus concentré,,,,,,,,,,,,,,,,,,,,,,,,
Grappa,Grappa,,,,,,,,,,,,,,,,,,,,,,,,
Grappa del Ghiaccio,Grappa de Glace,,,,,,,,,,,,,,,,,,,,,,,,
grappolo ghiacciato,grappe gelée,,,,,,,,,,,,,,,,,,,,,,,,
Ice One,Ice One,,,,,,,,,,,,,,,,,,,,,,,,
Icewine,Icewine,,,,,,,,,,,,,,,,,,,,,,,,
illimpidire,clarifier,,,,,,,,,,,,,,,,,,,,,,,,
liquido zuccherato,jus sucré,,,,,,,,,,,,,,,,,,,,,,,,
maturazione ottimale,maturation optimale,,,,,,,,,,,,,,,,,,,,,,,,
nota di frutta secca,note de fruits secs,,,,,,,,,,,,,,,,,,,,,,,,
panorama enologico locale,panorama œnologique de,,,,,,,,,,,,,,,,,,,,,,,,
pressatura continua,pressurage continu,,,,,,,,,,,,,,,,,,,,,,,,
raccogliere manualmente,récolter à la main,,,,,,,,,,,,,,,,,,,,,,,,
raccolta notturna,vendange nocturne,,,,,,,,,,,,,,,,,,,,,,,,
Riesling renano,Riesling du Rhin,,,,,,,,,,,,,,,,,,,,,,,,
Seyval Blanc,Seyval Blanc,,,,,,,,,,,,,,,,,,,,,,,,
San Sebastiano,San Sebastiano,,,,,,,,,,,,,,,,,,,,,,,,
Scheurebe,Scheurebe,,,,,,,,,,,,,,,,,,,,,,,,
torchio verticale,pressoir vertical,,,,,,,,,,,,,,,,,,,,,,,,
uva Avanà,raisin du cépage Avana,,,,,,,,,,,,,,,,,,,,,,,,
uva ghiacciata,raisin gelé,,,,,,,,,,,,,,,,,,,,,,,,
vendemmia a mano,vendange à la main,,,,,,,,,,,,,,,,,,,,,,,,
vendemmia ghiacciata,vendange de glace,,,,,,,,,,,,,,,,,,,,,,,,
vendemmia invernale,vendange hivernale,,,,,,,,,,,,,,,,,,,,,,,,
Vidal,Vidal,,,,,,,,,,,,,,,,,,,,,,,,
Vin de Glace,vin de glace,,,,,,,,,,,,,,,,,,,,,,,,
vinificazione estrema,vinification extrême,,,,,,,,,,,,,,,,,,,,,,,,
Vino del Ghiaccio,vin de glace,,,,,,,,,,,,,,,,,,,,,,,,
vino ghiacciato,vin de glace,,,,,,,,,,,,,,,,,,,,,,,,
viticoltura montana,viticulture de montagne,,,,,,,,,,,,,,,,,,,,,,,,
vino frizzante,vin pétillant,,,,,,,,,,,,,,,,,,,,,,,,
abboccato,moelleux,,,,,,,,,,,,,,,,,,,,,,,,
autoclave di presa di spuma,Autoclave de prise de mousse,,,,,,,,,,,,,,,,,,,,,,,,
autoclave di stabilizzazione,Autoclave de stabilisation,,,,,,,,,,,,,,,,,,,,,,,,
bidule,Bidule,,,,,,,,,,,,,,,,,,,,,,,,
bitartrato di potassio,Bitartrate de potassium,,,,,,,,,,,,,,,,,,,,,,,,
Borgogna,Bourgogne,,,,,,,,,,,,,,,,,,,,,,,,
bottiglia champagnotta,Bouteille champenoise,,,,,,,,,,,,,,,,,,,,,,,,
brut,Brut,,,,,,,,,,,,,,,,,,,,,,,,
brut nature,Brut nature,,,,,,,,,,,,,,,,,,,,,,,,
capsulone,Capsule,,,,,,,,,,,,,,,,,,,,,,,,
centrifugazione,Centrifugation,,,,,,,,,,,,,,,,,,,,,,,,
ceppi di lieviti,Souches de levure,,,,,,,,,,,,,,,,,,,,,,,,
Cesanese,Cesanese,,,,,,,,,,,,,,,,,,,,,,,,
cilindretto di fecce,Cylindre de lie de vin,,,,,,,,,,,,,,,,,,,,,,,,
cilindretto di polietilene,Cylindre en polyéthylène,,,,,,,,,,,,,,,,,,,,,,,,
coupage,Coupage,,,,,,,,,,,,,,,,,,,,,,,,
degorgement,Dégorgement,,,,,,,,,,,,,,,,,,,,,,,,
demetallizzazione,Démétallisation,,,,,,,,,,,,,,,,,,,,,,,,
demi sec,Demi-sec,,,,,,,,,,,,,,,,,,,,,,,,
dispositivo agitatore,Dispositif agitateur,,,,,,,,,,,,,,,,,,,,,,,,
dolce,Doux,,,,,,,,,,,,,,,,,,,,,,,,
dolcificazione,édulcoration,,,,,,,,,,,,,,,,,,,,,,,,
dosaggio zero,Dosage zéro,,,,,,,,,,,,,,,,,,,,,,,,
effervescente,Effervescent,,,,,,,,,,,,,,,,,,,,,,,,
extra brut,Extra brut,,,,,,,,,,,,,,,,,,,,,,,,
extra dry,Extra dry,,,,,,,,,,,,,,,,,,,,,,,,
extra sec,Extra sec,,,,,,,,,,,,,,,,,,,,,,,,
feccioso,Goût de lie,,,,,,,,,,,,,,,,,,,,,,,,
ferrocianuro,Ferrocyanure,,,,,,,,,,,,,,,,,,,,,,,,
fila di bollicine,Perlage,,,,,,,,,,,,,,,,,,,,,,,,
flûte,Flûte,,,,,,,,,,,,,,,,,,,,,,,,
fosfato ammonico,Phosphate d'ammonium,,,,,,,,,,,,,,,,,,,,,,,,
Franciacorta,Franciacorta,,,,,,,,,,,,,,,,,,,,,,,,
Frascati,Frascati,,,,,,,,,,,,,,,,,,,,,,,,
Freisa,Freisa,,,,,,,,,,,,,,,,,,,,,,,,
frizzante,Pétillant,,,,,,,,,,,,,,,,,,,,,,,,
Gamay,Gamay,,,,,,,,,,,,,,,,,,,,,,,,
Gancia,Gancia,,,,,,,,,,,,,,,,,,,,,,,,
Gassificato,Gazéifié,,,,,,,,,,,,,,,,,,,,,,,,
Girò,Girò,,,,,,,,,,,,,,,,,,,,,,,,
Glera,Glera,,,,,,,,,,,,,,,,,,,,,,,,
imbottigliamento isobarico,Embouteillage isobarique,,,,,,,,,,,,,,,,,,,,,,,,
Inzolia,Inzolia,,,,,,,,,,,,,,,,,,,,,,,,
isobarico,Isobarique,,,,,,,,,,,,,,,,,,,,,,,,
lievito esausto,Levure morte,,,,,,,,,,,,,,,,,,,,,,,,
liquore di spedizione,liqueur d'expédition,,,,,,,,,,,,,,,,,,,,,,,,
liquore di tiraggio,liqueur de tirage,,,,,,,,,,,,,,,,,,,,,,,,
Malvasia di Casorzo,Malvasia de Casorzo,,,,,,,,,,,,,,,,,,,,,,,,
Valpolicella,valpolicella,,,,,,,,,,,,,,,,,,,,,,,,
Valpolicella,Valpolicella,,,,,,,,,,,,,,,,,,,,,,,,
Corvinone,corvinone,,,,,,,,,,,,,,,,,,,,,,,,
Rondinella,rondinella,,,,,,,,,,,,,,,,,,,,,,,,
vinificazione,vinification,,,,,,,,,,,,,,,,,,,,,,,,
Molinara,molinara,,,,,,,,,,,,,,,,,,,,,,,,
Oseleta,oseleta,,,,,,,,,,,,,,,,,,,,,,,,
autoclave,autoclave,,,,,,,,,,,,,,,,,,,,,,,,
Ripasso,Ripasso,,,,,,,,,,,,,,,,,,,,,,,,
inerbimento,enherbement,,,,,,,,,,,,,,,,,,,,,,,,
vigneto,vignoble,,,,,,,,,,,,,,,,,,,,,,,,
Teroldego,teroldego,,,,,,,,,,,,,,,,,,,,,,,,
Valpolicella Classico,Valpolicella Classico,,,,,,,,,,,,,,,,,,,,,,,,
caratteristiche organolettiche,caractéristiques organoleptiques,,,,,,,,,,,,,,,,,,,,,,,,
terreno,sol,,,,,,,,,,,,,,,,,,,,,,,,
fascetta di Stato,label,,,,,,,,,,,,,,,,,,,,,,,,
vino torchiato,vin de presse,,,,,,,,,,,,,,,,,,,,,,,,
carattere varietale,caractère variétal,,,,,,,,,,,,,,,,,,,,,,,,
Forsellina,forsellina,,,,,,,,,,,,,,,,,,,,,,,,
Rossignola,rossignola,,,,,,,,,,,,,,,,,,,,,,,,
Dindarella,dindarella,,,,,,,,,,,,,,,,,,,,,,,,
Negrara,Negrara,,,,,,,,,,,,,,,,,,,,,,,,
Verdiso,verdiso,,,,,,,,,,,,,,,,,,,,,,,,
Croatina,croatina,,,,,,,,,,,,,,,,,,,,,,,,
vendemmiare,vendanger,,,,,,,,,,,,,,,,,,,,,,,,
Bianchetta Trevigiana,Bianchetta Trevigiana,,,,,,,,,,,,,,,,,,,,,,,,
Perera,Perera,,,,,,,,,,,,,,,,,,,,,,,,
pruina,pruine,,,,,,,,,,,,,,,,,,,,,,,,
tonneau,tonneau,,,,,,,,,,,,,,,,,,,,,,,,
microclima,microclimat,,,,,,,,,,,,,,,,,,,,,,,,
vigna,vigne,,,,,,,,,,,,,,,,,,,,,,,,
cru,cru,,,,,,,,,,,,,,,,,,,,,,,,
Marzemino,Marzemino,,,,,,,,,,,,,,,,,,,,,,,,
recipiente in pressione,réservoir sous pression,,,,,,,,,,,,,,,,,,,,,,,,
concimazione organica,fertilisation organique,,,,,,,,,,,,,,,,,,,,,,,,
esame gustativo,examen gustatif,,,,,,,,,,,,,,,,,,,,,,,,
note degustative,dégustation,,,,,,,,,,,,,,,,,,,,,,,,
maturazione tardiva,maturité tardive,,,,,,,,,,,,,,,,,,,,,,,,
pressa pneumatica,pressoir pneumatique,,,,,,,,,,,,,,,,,,,,,,,,
mosto fiore,moût de goutte,,,,,,,,,,,,,,,,,,,,,,,,
vino strutturato,vin corsé,,,,,,,,,,,,,,,,,,,,,,,,
aromi terziari,arômes tertiaires,,,,,,,,,,,,,,,,,,,,,,,,
vino rosso,vin rouge,,,,,,,,,,,,,,,,,,,,,,,,
Refosco dal peduncolo rosso,Refosco dal peduncolo rosso,,,,,,,,,,,,,,,,,,,,,,,,
terroir,terroir,,,,,,,,,,,,,,,,,,,,,,,,
millesimato,millésimé,,,,,,,,,,,,,,,,,,,,,,,,
decantare,décanter,,,,,,,,,,,,,,,,,,,,,,,,
spillare,percer,,,,,,,,,,,,,,,,,,,,,,,,
Borgognotta,bouteille bourguignonne,,,,,,,,,,,,,,,,,,,,,,,,
coltivare,cultiver,,,,,,,,,,,,,,,,,,,,,,,,
vinosità,vinosité,,,,,,,,,,,,,,,,,,,,,,,,
svinare,soutirer,,,,,,,,,,,,,,,,,,,,,,,,
vino da dessert,vin de dessert,,,,,,,,,,,,,,,,,,,,,,,,
complessità olfattiva,complexité olfactive,,,,,,,,,,,,,,,,,,,,,,,,
vino sfuso,vin en vrac,,,,,,,,,,,,,,,,,,,,,,,,
temperatura di fermentazione,température de fermentation,,,,,,,,,,,,,,,,,,,,,,,,
temperatura di servizio,température de service,,,,,,,,,,,,,,,,,,,,,,,,
vino morbido,vin souple,,,,,,,,,,,,,,,,,,,,,,,,
fermentazione tumultuosa,fermentation tumultueuse,,,,,,,,,,,,,,,,,,,,,,,,
vino da invecchiamento,vin de garde,,,,,,,,,,,,,,,,,,,,,,,,
Conegliano Valdobbiadene DOCG Prosecco Superiore,Conegliano Valdobbiadene DOCG Prosecco Superiore,,,,,,,,,,,,,,,,,,,,,,,,
vino dolce naturale,vin doux naturel,,,,,,,,,,,,,,,,,,,,,,,,
suolo idromorfo,sol hydromorphe,,,,,,,,,,,,,,,,,,,,,,,,
versatile,versatile,,,,,,,,,,,,,,,,,,,,,,,,
vitivinicoltura,vitiviniculture,,,,,,,,,,,,,,,,,,,,,,,,
marna,marne,,,,,,,,,,,,,,,,,,,,,,,,
magnum,magnum,,,,,,,,,,,,,,,,,,,,,,,,
ceppo,souche,,,,,,,,,,,,,,,,,,,,,,,,
appezzamento,parcelle,,,,,,,,,,,,,,,,,,,,,,,,
blend,assemblage,,,,,,,,,,,,,,,,,,,,,,,,
degustare,déguster,,,,,,,,,,,,,,,,,,,,,,,,
quintale,quintal,,,,,,,,,,,,,,,,,,,,,,,,
esaltare,exalter,,,,,,,,,,,,,,,,,,,,,,,,
enologo,œnologue,,,,,,,,,,,,,,,,,,,,,,,,
oligoelementi,oligo-éléments,,,,,,,,,,,,,,,,,,,,,,,,
vino croccante,vin croquant,,,,,,,,,,,,,,,,,,,,,,,,
vino seducente,vin charmeur,,,,,,,,,,,,,,,,,,,,,,,,
rancio,rancio,,,,,,,,,,,,,,,,,,,,,,,,
vino untuoso,vin onctueux,,,,,,,,,,,,,,,,,,,,,,,,
vino chiuso,vin fermé,,,,,,,,,,,,,,,,,,,,,,,,
viticoltura biologica,viticulture biologique,,,,,,,,,,,,,,,,,,,,,,,,
vino potente,vin puissant,,,,,,,,,,,,,,,,,,,,,,,,
vino austero,vin austère,,,,,,,,,,,,,,,,,,,,,,,,
vino setoso,vin soyeux,,,,,,,,,,,,,,,,,,,,,,,,
vino elegante,vin élégant,,,,,,,,,,,,,,,,,,,,,,,,
palizzare,palisser,,,,,,,,,,,,,,,,,,,,,,,,
capacità,contenance,,,,,,,,,,,,,,,,,,,,,,,,
fruttificazione,fructification,,,,,,,,,,,,,,,,,,,,,,,,
Syrah,syrah,,,,,,,,,,,,,,,,,,,,,,,,
meccanizzazione,mécanisation,,,,,,,,,,,,,,,,,,,,,,,,
Vinitaly,Vinitaly,,,,,,,,,,,,,,,,,,,,,,,,
agricoltura biodinamica,agriculture biodynamique,,,,,,,,,,,,,,,,,,,,,,,,
radicamento,enracinement,,,,,,,,,,,,,,,,,,,,,,,,
svinatura,écoulage,,,,,,,,,,,,,,,,,,,,,,,,
spampanatura,épamprage,,,,,,,,,,,,,,,,,,,,,,,,
barolo,barolo,,,,,,,,,,,,,,,,,,,,,,,,
Riserva,réserve,,,,,,,,,,,,,,,,,,,,,,,,
irrigazione,arrosage,,,,,,,,,,,,,,,,,,,,,,,,
graticcio,natte,,,,,,,,,,,,,,,,,,,,,,,,
vino monovarietale,vin monocépage,,,,,,,,,,,,,,,,,,,,,,,,
Barbaresco,barbaresco,,,,,,,,,,,,,,,,,,,,,,,,
Zinfandel,Zinfandel,,,,,,,,,,,,,,,,,,,,,,,,
drenaggio,drainage,,,,,,,,,,,,,,,,,,,,,,,,
caveau,caveau,,,,,,,,,,,,,,,,,,,,,,,,
sorso,gorgée,,,,,,,,,,,,,,,,,,,,,,,,
cera,cire,,,,,,,,,,,,,,,,,,,,,,,,
resveratrolo,resvératrol,,,,,,,,,,,,,,,,,,,,,,,,
digestibilità,digestibilité,,,,,,,,,,,,,,,,,,,,,,,,
alcolico,alcoolisé,,,,,,,,,,,,,,,,,,,,,,,,
finezza,finesse,,,,,,,,,,,,,,,,,,,,,,,,
fogliame,feuillage,,,,,,,,,,,,,,,,,,,,,,,,
innesto,greffage,,,,,,,,,,,,,,,,,,,,,,,,
radice,racine,,,,,,,,,,,,,,,,,,,,,,,,
granulometria,granulométrie,,,,,,,,,,,,,,,,,,,,,,,,
igrometria,hygrométrie,,,,,,,,,,,,,,,,,,,,,,,,
vino nervoso,vin nerveux,,,,,,,,,,,,,,,,,,,,,,,,
sollevamento,relevage,,,,,,,,,,,,,,,,,,,,,,,,
colore,robe,,,,,,,,,,,,,,,,,,,,,,,,
terreno argilloso,sol argileux,,,,,,,,,,,,,,,,,,,,,,,,
terreno calcareo,sol calcaire,,,,,,,,,,,,,,,,,,,,,,,,
terreno ciottoloso,sol caillouteux,,,,,,,,,,,,,,,,,,,,,,,,
terreno siliceo,sol siliceux,,,,,,,,,,,,,,,,,,,,,,,,
terreno marnoso,sol marneux,,,,,,,,,,,,,,,,,,,,,,,,
terreno vulcanico,sol volcanique,,,,,,,,,,,,,,,,,,,,,,,,
terreno scistoso,sol schisteux,,,,,,,,,,,,,,,,,,,,,,,,
vino tannico,vin tannique,,,,,,,,,,,,,,,,,,,,,,,,
fenolico,phénolique,,,,,,,,,,,,,,,,,,,,,,,,
vino vinoso,vin vineux,,,,,,,,,,,,,,,,,,,,,,,,
spumantizzato,champagnisé,,,,,,,,,,,,,,,,,,,,,,,,
colturale,cultural,,,,,,,,,,,,,,,,,,,,,,,,
fermentatore,fermenteur,,,,,,,,,,,,,,,,,,,,,,,,
gustativo,gustatif,,,,,,,,,,,,,,,,,,,,,,,,
potenziale di invecchiamento,potentiel de garde,,,,,,,,,,,,,,,,,,,,,,,,
